image number,label
1,A
2,a
3,B
4,b
5,C
6,c
7,D
8,d
9,E
10,e
11,F
12,f
13,G
14,g
15,H
16,h
17,I
18,i
19,J
20,j
21,K
22,k
23,L
24,l
25,M
26,m
27,N
28,n
29,O
30,o
31,P
32,p
33,Q
34,q
35,R
36,r
37,S
38,s
39,T
40,t
41,U
42,u
43,V
44,v
45,W
46,w
47,X
48,x
49,Y
50,y
51,Z
52,z
53,A
54,a
55,B
56,b
57,C
58,c
59,D
60,d
61,E
62,e
63,F
64,f
65,G
66,g
67,H
68,h
69,I
70,i
71,J
72,j
73,K
74,k
75,L
76,l
77,M
78,m
79,N
80,n
81,O
82,o
83,P
84,p
85,Q
86,q
87,R
88,r
89,S
90,s
91,T
92,t
93,U
94,u
95,V
96,v
97,W
98,w
99,X
100,x
101,Y
102,y
103,Z
104,z
105,A
106,a
107,B
108,b
109,C
110,c
111,D
112,d
113,E
114,e
115,F
116,f
117,G
118,g
119,H
120,h
121,I
122,i
123,J
124,j
125,K
126,k
127,L
128,l
129,M
130,m
131,N
132,n
133,O
134,o
135,P
136,p
137,Q
138,q
139,R
140,r
141,S
142,s
143,T
144,t
145,U
146,u
147,V
148,v
149,W
150,w
151,X
152,x
153,Y
154,y
155,Z
156,z
157,A
158,a
159,B
160,b
161,C
162,c
163,D
164,d
165,E
166,e
167,F
168,f
169,G
170,g
171,H
172,h
173,I
174,i
175,J
176,j
177,K
178,k
179,L
180,l
181,M
182,m
183,N
184,n
185,O
186,o
187,P
188,p
189,Q
190,q
191,R
192,r
193,S
194,s
195,T
196,t
197,U
198,u
199,V
200,v
201,W
202,w
203,X
204,x
205,Y
206,y
207,Z
208,z
209,A
210,a
211,B
212,b
213,C
214,c
215,D
216,d
217,E
218,e
219,F
220,f
221,G
222,g
223,H
224,h
225,I
226,i
227,J
228,j
229,K
230,k
231,L
232,l
233,M
234,m
235,N
236,n
237,O
238,o
239,P
240,p
241,Q
242,q
243,R
244,r
245,S
246,s
247,T
248,t
249,U
250,u
251,V
252,v
253,W
254,w
255,X
256,x
257,Y
258,y
259,Z
260,z
261,A
262,a
263,B
264,b
265,C
266,c
267,D
268,d
269,E
270,e
271,F
272,f
273,G
274,g
275,H
276,h
277,I
278,i
279,J
280,j
281,K
282,k
283,L
284,l
285,M
286,m
287,N
288,n
289,O
290,o
291,P
292,p
293,Q
294,q
295,R
296,r
297,S
298,s
299,T
300,t
301,U
302,u
303,V
304,v
305,W
306,w
307,X
308,x
309,Y
310,y
311,Z
312,z
313,A
314,a
315,B
316,b
317,C
318,c
319,D
320,d
321,E
322,e
323,F
324,f
325,G
326,g
327,H
328,h
329,I
330,i
331,J
332,j
333,K
334,k
335,L
336,l
337,M
338,m
339,N
340,n
341,O
342,o
343,P
344,p
345,Q
346,q
347,R
348,r
349,S
350,s
351,T
352,t
353,U
354,u
355,V
356,v
357,W
358,w
359,X
360,x
361,Y
362,y
363,Z
364,z
365,A
366,a
367,B
368,b
369,C
370,c
371,D
372,d
373,E
374,e
375,F
376,f
377,G
378,g
379,H
380,h
381,I
382,i
383,J
384,j
385,K
386,k
387,L
388,l
389,M
390,m
391,N
392,n
393,O
394,o
395,P
396,p
397,Q
398,q
399,R
400,r
401,S
402,s
403,T
404,t
405,U
406,u
407,V
408,v
409,W
410,w
411,X
412,x
413,Y
414,y
415,Z
416,z
417,A
418,a
419,B
420,b
421,C
422,c
423,D
424,d
425,E
426,e
427,F
428,f
429,G
430,g
431,H
432,h
433,I
434,i
435,J
436,j
437,K
438,k
439,L
440,l
441,M
442,m
443,N
444,n
445,O
446,o
447,P
448,p
449,Q
450,q
451,R
452,r
453,S
454,s
455,T
456,t
457,U
458,u
459,V
460,v
461,W
462,w
463,X
464,x
465,Y
466,y
467,Z
468,z
469,A
470,a
471,B
472,b
473,C
474,c
475,D
476,d
477,E
478,e
479,F
480,f
481,G
482,g
483,H
484,h
485,I
486,i
487,J
488,j
489,K
490,k
491,L
492,l
493,M
494,m
495,N
496,n
497,O
498,o
499,P
500,p
501,Q
502,q
503,R
504,r
505,S
506,s
507,T
508,t
509,U
510,u
511,V
512,v
513,W
514,w
515,X
516,x
517,Y
518,y
519,Z
520,z
521,A
522,a
523,B
524,b
525,C
526,c
527,D
528,d
529,E
530,e
531,F
532,f
533,G
534,g
535,H
536,h
537,I
538,i
539,J
540,j
541,K
542,k
543,L
544,l
545,M
546,m
547,N
548,n
549,O
550,o
551,P
552,p
553,Q
554,q
555,R
556,r
557,S
558,s
559,T
560,t
561,U
562,u
563,V
564,v
565,W
566,w
567,X
568,x
569,Y
570,y
571,Z
572,z
573,A
574,a
575,B
576,b
577,C
578,c
579,D
580,d
581,E
582,e
583,F
584,f
585,G
586,g
587,H
588,h
589,I
590,i
591,J
592,j
593,K
594,k
595,L
596,l
597,M
598,m
599,N
600,n
601,O
602,o
603,P
604,p
605,Q
606,q
607,R
608,r
609,S
610,s
611,T
612,t
613,U
614,u
615,V
616,v
617,W
618,w
619,X
620,x
621,Y
622,y
623,Z
624,z
625,A
626,a
627,B
628,b
629,C
630,c
631,D
632,d
633,E
634,e
635,F
636,f
637,G
638,g
639,H
640,h
641,I
642,i
643,J
644,j
645,K
646,k
647,L
648,l
649,M
650,m
651,N
652,n
653,O
654,o
655,P
656,p
657,Q
658,q
659,R
660,r
661,S
662,s
663,T
664,t
665,U
666,u
667,V
668,v
669,W
670,w
671,X
672,x
673,Y
674,y
675,Z
676,z
677,A
678,a
679,B
680,b
681,C
682,c
683,D
684,d
685,E
686,e
687,F
688,f
689,G
690,g
691,H
692,h
693,I
694,i
695,J
696,j
697,K
698,k
699,L
700,l
701,M
702,m
703,N
704,n
705,O
706,o
707,P
708,p
709,Q
710,q
711,R
712,r
713,S
714,s
715,T
716,t
717,U
718,u
719,V
720,v
721,W
722,w
723,X
724,x
725,Y
726,y
727,Z
728,z
729,A
730,a
731,B
732,b
733,C
734,c
735,D
736,d
737,E
738,e
739,F
740,f
741,G
742,g
743,H
744,h
745,I
746,i
747,J
748,j
749,K
750,k
751,L
752,l
753,M
754,m
755,N
756,n
757,O
758,o
759,P
760,p
761,Q
762,q
763,R
764,r
765,S
766,s
767,T
768,t
769,U
770,u
771,V
772,v
773,W
774,w
775,X
776,x
777,Y
778,y
779,Z
780,z
781,A
782,a
783,B
784,b
785,C
786,c
787,D
788,d
789,E
790,e
791,F
792,f
793,G
794,g
795,H
796,h
797,I
798,i
799,J
800,j
801,K
802,k
803,L
804,l
805,M
806,m
807,N
808,n
809,O
810,o
811,P
812,p
813,Q
814,q
815,R
816,r
817,S
818,s
819,T
820,t
821,U
822,u
823,V
824,v
825,W
826,w
827,X
828,x
829,Y
830,y
831,Z
832,z
833,A
834,a
835,B
836,b
837,C
838,c
839,D
840,d
841,E
842,e
843,F
844,f
845,G
846,g
847,H
848,h
849,I
850,i
851,J
852,j
853,K
854,k
855,L
856,l
857,M
858,m
859,N
860,n
861,O
862,o
863,P
864,p
865,Q
866,q
867,R
868,r
869,S
870,s
871,T
872,t
873,U
874,u
875,V
876,v
877,W
878,w
879,X
880,x
881,Y
882,y
883,Z
884,z
885,A
886,a
887,B
888,b
889,C
890,c
891,D
892,d
893,E
894,e
895,F
896,f
897,G
898,g
899,H
900,h
901,I
902,i
903,J
904,j
905,K
906,k
907,L
908,l
909,M
910,m
911,N
912,n
913,O
914,o
915,P
916,p
917,Q
918,q
919,R
920,r
921,S
922,s
923,T
924,t
925,U
926,u
927,V
928,v
929,W
930,w
931,X
932,x
933,Y
934,y
935,Z
936,z
937,A
938,a
939,B
940,b
941,C
942,c
943,D
944,d
945,E
946,e
947,F
948,f
949,G
950,g
951,H
952,h
953,I
954,i
955,J
956,j
957,K
958,k
959,L
960,l
961,M
962,m
963,N
964,n
965,O
966,o
967,P
968,p
969,Q
970,q
971,R
972,r
973,S
974,s
975,T
976,t
977,U
978,u
979,V
980,v
981,W
982,w
983,X
984,x
985,Y
986,y
987,Z
988,z
989,A
990,a
991,B
992,b
993,C
994,c
995,D
996,d
997,E
998,e
999,F
1000,f
1001,G
1002,g
1003,H
1004,h
1005,I
1006,i
1007,J
1008,j
1009,K
1010,k
1011,L
1012,l
1013,M
1014,m
1015,N
1016,n
1017,O
1018,o
1019,P
1020,p
1021,Q
1022,q
1023,R
1024,r
1025,S
1026,s
1027,T
1028,t
1029,U
1030,u
1031,V
1032,v
1033,W
1034,w
1035,X
1036,x
1037,Y
1038,y
1039,Z
1040,z
1041,A
1042,a
1043,B
1044,b
1045,C
1046,c
1047,D
1048,d
1049,E
1050,e
1051,F
1052,f
1053,G
1054,g
1055,H
1056,h
1057,I
1058,i
1059,J
1060,j
1061,K
1062,k
1063,L
1064,l
1065,M
1066,m
1067,N
1068,n
1069,O
1070,o
1071,P
1072,p
1073,Q
1074,q
1075,R
1076,r
1077,S
1078,s
1079,T
1080,t
1081,U
1082,u
1083,V
1084,v
1085,W
1086,w
1087,X
1088,x
1089,Y
1090,y
1091,Z
1092,z
1093,A
1094,a
1095,B
1096,b
1097,C
1098,c
1099,D
1100,d
1101,E
1102,e
1103,F
1104,f
1105,G
1106,g
1107,H
1108,h
1109,I
1110,i
1111,J
1112,j
1113,K
1114,k
1115,L
1116,l
1117,M
1118,m
1119,N
1120,n
1121,O
1122,o
1123,P
1124,p
1125,Q
1126,q
1127,R
1128,r
1129,S
1130,s
1131,T
1132,t
1133,U
1134,u
1135,V
1136,v
1137,W
1138,w
1139,X
1140,x
1141,Y
1142,y
1143,Z
1144,z
1145,A
1146,a
1147,B
1148,b
1149,C
1150,c
1151,D
1152,d
1153,E
1154,e
1155,F
1156,f
1157,G
1158,g
1159,H
1160,h
1161,I
1162,i
1163,J
1164,j
1165,K
1166,k
1167,L
1168,l
1169,M
1170,m
1171,N
1172,n
1173,O
1174,o
1175,P
1176,p
1177,Q
1178,q
1179,R
1180,r
1181,S
1182,s
1183,T
1184,t
1185,U
1186,u
1187,V
1188,v
1189,W
1190,w
1191,X
1192,x
1193,Y
1194,y
1195,Z
1196,z
1197,A
1198,a
1199,B
1200,b
1201,C
1202,c
1203,D
1204,d
1205,E
1206,e
1207,F
1208,f
1209,G
1210,g
1211,H
1212,h
1213,I
1214,i
1215,J
1216,j
1217,K
1218,k
1219,L
1220,l
1221,M
1222,m
1223,N
1224,n
1225,O
1226,o
1227,P
1228,p
1229,Q
1230,q
1231,R
1232,r
1233,S
1234,s
1235,T
1236,t
1237,U
1238,u
1239,V
1240,v
1241,W
1242,w
1243,X
1244,x
1245,Y
1246,y
1247,Z
1248,z
1249,A
1250,a
1251,B
1252,b
1253,C
1254,c
1255,D
1256,d
1257,E
1258,e
1259,F
1260,f
1261,G
1262,g
1263,H
1264,h
1265,I
1266,i
1267,J
1268,j
1269,K
1270,k
1271,L
1272,l
1273,M
1274,m
1275,N
1276,n
1277,O
1278,o
1279,P
1280,p
1281,Q
1282,q
1283,R
1284,r
1285,S
1286,s
1287,T
1288,t
1289,U
1290,u
1291,V
1292,v
1293,W
1294,w
1295,X
1296,x
1297,Y
1298,y
1299,Z
1300,z
1301,A
1302,a
1303,B
1304,b
1305,C
1306,c
1307,D
1308,d
1309,E
1310,e
1311,F
1312,f
1313,G
1314,g
1315,H
1316,h
1317,I
1318,i
1319,J
1320,j
1321,K
1322,k
1323,L
1324,l
1325,M
1326,m
1327,N
1328,n
1329,O
1330,o
1331,P
1332,p
1333,Q
1334,q
1335,R
1336,r
1337,S
1338,s
1339,T
1340,t
1341,U
1342,u
1343,V
1344,v
1345,W
1346,w
1347,X
1348,x
1349,Y
1350,y
1351,Z
1352,z
1353,A
1354,a
1355,B
1356,b
1357,C
1358,c
1359,D
1360,d
1361,E
1362,e
1363,F
1364,f
1365,G
1366,g
1367,H
1368,h
1369,I
1370,i
1371,J
1372,j
1373,K
1374,k
1375,L
1376,l
1377,M
1378,m
1379,N
1380,n
1381,O
1382,o
1383,P
1384,p
1385,Q
1386,q
1387,R
1388,r
1389,S
1390,s
1391,T
1392,t
1393,U
1394,u
1395,V
1396,v
1397,W
1398,w
1399,X
1400,x
1401,Y
1402,y
1403,Z
1404,z
1405,A
1406,a
1407,B
1408,b
1409,C
1410,c
1411,D
1412,d
1413,E
1414,e
1415,F
1416,f
1417,G
1418,g
1419,H
1420,h
1421,I
1422,i
1423,J
1424,j
1425,K
1426,k
1427,L
1428,l
1429,M
1430,m
1431,N
1432,n
1433,O
1434,o
1435,P
1436,p
1437,Q
1438,q
1439,R
1440,r
1441,S
1442,s
1443,T
1444,t
1445,U
1446,u
1447,V
1448,v
1449,W
1450,w
1451,X
1452,x
1453,Y
1454,y
1455,Z
1456,z
1457,A
1458,a
1459,B
1460,b
1461,C
1462,c
1463,D
1464,d
1465,E
1466,e
1467,F
1468,f
1469,G
1470,g
1471,H
1472,h
1473,I
1474,i
1475,J
1476,j
1477,K
1478,k
1479,L
1480,l
1481,M
1482,m
1483,N
1484,n
1485,O
1486,o
1487,P
1488,p
1489,Q
1490,q
1491,R
1492,r
1493,S
1494,s
1495,T
1496,t
1497,U
1498,u
1499,V
1500,v
1501,W
1502,w
1503,X
1504,x
1505,Y
1506,y
1507,Z
1508,z
1509,A
1510,a
1511,B
1512,b
1513,C
1514,c
1515,D
1516,d
1517,E
1518,e
1519,F
1520,f
1521,G
1522,g
1523,H
1524,h
1525,I
1526,i
1527,J
1528,j
1529,K
1530,k
1531,L
1532,l
1533,M
1534,m
1535,N
1536,n
1537,O
1538,o
1539,P
1540,p
1541,Q
1542,q
1543,R
1544,r
1545,S
1546,s
1547,T
1548,t
1549,U
1550,u
1551,V
1552,v
1553,W
1554,w
1555,X
1556,x
1557,Y
1558,y
1559,Z
1560,z
1561,A
1562,a
1563,B
1564,b
1565,C
1566,c
1567,D
1568,d
1569,E
1570,e
1571,F
1572,f
1573,G
1574,g
1575,H
1576,h
1577,I
1578,i
1579,J
1580,j
1581,K
1582,k
1583,L
1584,l
1585,M
1586,m
1587,N
1588,n
1589,O
1590,o
1591,P
1592,p
1593,Q
1594,q
1595,R
1596,r
1597,S
1598,s
1599,T
1600,t
1601,U
1602,u
1603,V
1604,v
1605,W
1606,w
1607,X
1608,x
1609,Y
1610,y
1611,Z
1612,z
1613,A
1614,a
1615,B
1616,b
1617,C
1618,c
1619,D
1620,d
1621,E
1622,e
1623,F
1624,f
1625,G
1626,g
1627,H
1628,h
1629,I
1630,i
1631,J
1632,j
1633,K
1634,k
1635,L
1636,l
1637,M
1638,m
1639,N
1640,n
1641,O
1642,o
1643,P
1644,p
1645,Q
1646,q
1647,R
1648,r
1649,S
1650,s
1651,T
1652,t
1653,U
1654,u
1655,V
1656,v
1657,W
1658,w
1659,X
1660,x
1661,Y
1662,y
1663,Z
1664,z
1665,A
1666,a
1667,B
1668,b
1669,C
1670,c
1671,D
1672,d
1673,E
1674,e
1675,F
1676,f
1677,G
1678,g
1679,H
1680,h
1681,I
1682,i
1683,J
1684,j
1685,K
1686,k
1687,L
1688,l
1689,M
1690,m
1691,N
1692,n
1693,O
1694,o
1695,P
1696,p
1697,Q
1698,q
1699,R
1700,r
1701,S
1702,s
1703,T
1704,t
1705,U
1706,u
1707,V
1708,v
1709,W
1710,w
1711,X
1712,x
1713,Y
1714,y
1715,Z
1716,z
1717,A
1718,a
1719,B
1720,b
1721,C
1722,c
1723,D
1724,d
1725,E
1726,e
1727,F
1728,f
1729,G
1730,g
1731,H
1732,h
1733,I
1734,i
1735,J
1736,j
1737,K
1738,k
1739,L
1740,l
1741,M
1742,m
1743,N
1744,n
1745,O
1746,o
1747,P
1748,p
1749,Q
1750,q
1751,R
1752,r
1753,S
1754,s
1755,T
1756,t
1757,U
1758,u
1759,V
1760,v
1761,W
1762,w
1763,X
1764,x
1765,Y
1766,y
1767,Z
1768,z
1769,A
1770,a
1771,B
1772,b
1773,C
1774,c
1775,D
1776,d
1777,E
1778,e
1779,F
1780,f
1781,G
1782,g
1783,H
1784,h
1785,I
1786,i
1787,J
1788,j
1789,K
1790,k
1791,L
1792,l
1793,M
1794,m
1795,N
1796,n
1797,O
1798,o
1799,P
1800,p
1801,Q
1802,q
1803,R
1804,r
1805,S
1806,s
1807,T
1808,t
1809,U
1810,u
1811,V
1812,v
1813,W
1814,w
1815,X
1816,x
1817,Y
1818,y
1819,Z
1820,z
1821,A
1822,a
1823,B
1824,b
1825,C
1826,c
1827,D
1828,d
1829,E
1830,e
1831,F
1832,f
1833,G
1834,g
1835,H
1836,h
1837,I
1838,i
1839,J
1840,j
1841,K
1842,k
1843,L
1844,l
1845,M
1846,m
1847,N
1848,n
1849,O
1850,o
1851,P
1852,p
1853,Q
1854,q
1855,R
1856,r
1857,S
1858,s
1859,T
1860,t
1861,U
1862,u
1863,V
1864,v
1865,W
1866,w
1867,X
1868,x
1869,Y
1870,y
1871,Z
1872,z
1873,A
1874,a
1875,B
1876,b
1877,C
1878,c
1879,D
1880,d
1881,E
1882,e
1883,F
1884,f
1885,G
1886,g
1887,H
1888,h
1889,I
1890,i
1891,J
1892,j
1893,K
1894,k
1895,L
1896,l
1897,M
1898,m
1899,N
1900,n
1901,O
1902,o
1903,P
1904,p
1905,Q
1906,q
1907,R
1908,r
1909,S
1910,s
1911,T
1912,t
1913,U
1914,u
1915,V
1916,v
1917,W
1918,w
1919,X
1920,x
1921,Y
1922,y
1923,Z
1924,z
1925,A
1926,a
1927,B
1928,b
1929,C
1930,c
1931,D
1932,d
1933,E
1934,e
1935,F
1936,f
1937,G
1938,g
1939,H
1940,h
1941,I
1942,i
1943,J
1944,j
1945,K
1946,k
1947,L
1948,l
1949,M
1950,m
1951,N
1952,n
1953,O
1954,o
1955,P
1956,p
1957,Q
1958,q
1959,R
1960,r
1961,S
1962,s
1963,T
1964,t
1965,U
1966,u
1967,V
1968,v
1969,W
1970,w
1971,X
1972,x
1973,Y
1974,y
1975,Z
1976,z
1977,A
1978,a
1979,B
1980,b
1981,C
1982,c
1983,D
1984,d
1985,E
1986,e
1987,F
1988,f
1989,G
1990,g
1991,H
1992,h
1993,I
1994,i
1995,J
1996,j
1997,K
1998,k
1999,L
2000,l
2001,M
2002,m
2003,N
2004,n
2005,O
2006,o
2007,P
2008,p
2009,Q
2010,q
2011,R
2012,r
2013,S
2014,s
2015,T
2016,t
2017,U
2018,u
2019,V
2020,v
2021,W
2022,w
2023,X
2024,x
2025,Y
2026,y
2027,Z
2028,z
2029,A
2030,a
2031,B
2032,b
2033,C
2034,c
2035,D
2036,d
2037,E
2038,e
2039,F
2040,f
2041,G
2042,g
2043,H
2044,h
2045,I
2046,i
2047,J
2048,j
2049,K
2050,k
2051,L
2052,l
2053,M
2054,m
2055,N
2056,n
2057,O
2058,o
2059,P
2060,p
2061,Q
2062,q
2063,R
2064,r
2065,S
2066,s
2067,T
2068,t
2069,U
2070,u
2071,V
2072,v
2073,W
2074,w
2075,X
2076,x
2077,Y
2078,y
2079,Z
2080,z
2081,A
2082,a
2083,B
2084,b
2085,C
2086,c
2087,D
2088,d
2089,E
2090,e
2091,F
2092,f
2093,G
2094,g
2095,H
2096,h
2097,I
2098,i
2099,J
2100,j
2101,K
2102,k
2103,L
2104,l
2105,M
2106,m
2107,N
2108,n
2109,O
2110,o
2111,P
2112,p
2113,Q
2114,q
2115,R
2116,r
2117,S
2118,s
2119,T
2120,t
2121,U
2122,u
2123,V
2124,v
2125,W
2126,w
2127,X
2128,x
2129,Y
2130,y
2131,Z
2132,z
2133,A
2134,a
2135,B
2136,b
2137,C
2138,c
2139,D
2140,d
2141,E
2142,e
2143,F
2144,f
2145,G
2146,g
2147,H
2148,h
2149,I
2150,i
2151,J
2152,j
2153,K
2154,k
2155,L
2156,l
2157,M
2158,m
2159,N
2160,n
2161,O
2162,o
2163,P
2164,p
2165,Q
2166,q
2167,R
2168,r
2169,S
2170,s
2171,T
2172,t
2173,U
2174,u
2175,V
2176,v
2177,W
2178,w
2179,X
2180,x
2181,Y
2182,y
2183,Z
2184,z
2185,A
2186,a
2187,B
2188,b
2189,C
2190,c
2191,D
2192,d
2193,E
2194,e
2195,F
2196,f
2197,G
2198,g
2199,H
2200,h
2201,I
2202,i
2203,J
2204,j
2205,K
2206,k
2207,L
2208,l
2209,M
2210,m
2211,N
2212,n
2213,O
2214,o
2215,P
2216,p
2217,Q
2218,q
2219,R
2220,r
2221,S
2222,s
2223,T
2224,t
2225,U
2226,u
2227,V
2228,v
2229,W
2230,w
2231,X
2232,x
2233,Y
2234,y
2235,Z
2236,z
2237,A
2238,a
2239,B
2240,b
2241,C
2242,c
2243,D
2244,d
2245,E
2246,e
2247,F
2248,f
2249,G
2250,g
2251,H
2252,h
2253,I
2254,i
2255,J
2256,j
2257,K
2258,k
2259,L
2260,l
2261,M
2262,m
2263,N
2264,n
2265,O
2266,o
2267,P
2268,p
2269,Q
2270,q
2271,R
2272,r
2273,S
2274,s
2275,T
2276,t
2277,U
2278,u
2279,V
2280,v
2281,W
2282,w
2283,X
2284,x
2285,Y
2286,y
2287,Z
2288,z
2289,A
2290,a
2291,B
2292,b
2293,C
2294,c
2295,D
2296,d
2297,E
2298,e
2299,F
2300,f
2301,G
2302,g
2303,H
2304,h
2305,I
2306,i
2307,J
2308,j
2309,K
2310,k
2311,L
2312,l
2313,M
2314,m
2315,N
2316,n
2317,O
2318,o
2319,P
2320,p
2321,Q
2322,q
2323,R
2324,r
2325,S
2326,s
2327,T
2328,t
2329,U
2330,u
2331,V
2332,v
2333,W
2334,w
2335,X
2336,x
2337,Y
2338,y
2339,Z
2340,z
2341,A
2342,a
2343,B
2344,b
2345,C
2346,c
2347,D
2348,d
2349,E
2350,e
2351,F
2352,f
2353,G
2354,g
2355,H
2356,h
2357,I
2358,i
2359,J
2360,j
2361,K
2362,k
2363,L
2364,l
2365,M
2366,m
2367,N
2368,n
2369,O
2370,o
2371,P
2372,p
2373,Q
2374,q
2375,R
2376,r
2377,S
2378,s
2379,T
2380,t
2381,U
2382,u
2383,V
2384,v
2385,W
2386,w
2387,X
2388,x
2389,Y
2390,y
2391,Z
2392,z
2393,A
2394,a
2395,B
2396,b
2397,C
2398,c
2399,D
2400,d
2401,E
2402,e
2403,F
2404,f
2405,G
2406,g
2407,H
2408,h
2409,I
2410,i
2411,J
2412,j
2413,K
2414,k
2415,L
2416,l
2417,M
2418,m
2419,N
2420,n
2421,O
2422,o
2423,P
2424,p
2425,Q
2426,q
2427,R
2428,r
2429,S
2430,s
2431,T
2432,t
2433,U
2434,u
2435,V
2436,v
2437,W
2438,w
2439,X
2440,x
2441,Y
2442,y
2443,Z
2444,z
2445,A
2446,a
2447,B
2448,b
2449,C
2450,c
2451,D
2452,d
2453,E
2454,e
2455,F
2456,f
2457,G
2458,g
2459,H
2460,h
2461,I
2462,i
2463,J
2464,j
2465,K
2466,k
2467,L
2468,l
2469,M
2470,m
2471,N
2472,n
2473,O
2474,o
2475,P
2476,p
2477,Q
2478,q
2479,R
2480,r
2481,S
2482,s
2483,T
2484,t
2485,U
2486,u
2487,V
2488,v
2489,W
2490,w
2491,X
2492,x
2493,Y
2494,y
2495,Z
2496,z
2497,A
2498,a
2499,B
2500,b
2501,C
2502,c
2503,D
2504,d
2505,E
2506,e
2507,F
2508,f
2509,G
2510,g
2511,H
2512,h
2513,I
2514,i
2515,J
2516,j
2517,K
2518,k
2519,L
2520,l
2521,M
2522,m
2523,N
2524,n
2525,O
2526,o
2527,P
2528,p
2529,Q
2530,q
2531,R
2532,r
2533,S
2534,s
2535,T
2536,t
2537,U
2538,u
2539,V
2540,v
2541,W
2542,w
2543,X
2544,x
2545,Y
2546,y
2547,Z
2548,z
2549,A
2550,a
2551,B
2552,b
2553,C
2554,c
2555,D
2556,d
2557,E
2558,e
2559,F
2560,f
2561,G
2562,g
2563,H
2564,h
2565,I
2566,i
2567,J
2568,j
2569,K
2570,k
2571,L
2572,l
2573,M
2574,m
2575,N
2576,n
2577,O
2578,o
2579,P
2580,p
2581,Q
2582,q
2583,R
2584,r
2585,S
2586,s
2587,T
2588,t
2589,U
2590,u
2591,V
2592,v
2593,W
2594,w
2595,X
2596,x
2597,Y
2598,y
2599,Z
2600,z
2601,A
2602,a
2603,B
2604,b
2605,C
2606,c
2607,D
2608,d
2609,E
2610,e
2611,F
2612,f
2613,G
2614,g
2615,H
2616,h
2617,I
2618,i
2619,J
2620,j
2621,K
2622,k
2623,L
2624,l
2625,M
2626,m
2627,N
2628,n
2629,O
2630,o
2631,P
2632,p
2633,Q
2634,q
2635,R
2636,r
2637,S
2638,s
2639,T
2640,t
2641,U
2642,u
2643,V
2644,v
2645,W
2646,w
2647,X
2648,x
2649,Y
2650,y
2651,Z
2652,z
2653,A
2654,a
2655,B
2656,b
2657,C
2658,c
2659,D
2660,d
2661,E
2662,e
2663,F
2664,f
2665,G
2666,g
2667,H
2668,h
2669,I
2670,i
2671,J
2672,j
2673,K
2674,k
2675,L
2676,l
2677,M
2678,m
2679,N
2680,n
2681,O
2682,o
2683,P
2684,p
2685,Q
2686,q
2687,R
2688,r
2689,S
2690,s
2691,T
2692,t
2693,U
2694,u
2695,V
2696,v
2697,W
2698,w
2699,X
2700,x
2701,Y
2702,y
2703,Z
2704,z
2705,A
2706,a
2707,B
2708,b
2709,C
2710,c
2711,D
2712,d
2713,E
2714,e
2715,F
2716,f
2717,G
2718,g
2719,H
2720,h
2721,I
2722,i
2723,J
2724,j
2725,K
2726,k
2727,L
2728,l
2729,M
2730,m
2731,N
2732,n
2733,O
2734,o
2735,P
2736,p
2737,Q
2738,q
2739,R
2740,r
2741,S
2742,s
2743,T
2744,t
2745,U
2746,u
2747,V
2748,v
2749,W
2750,w
2751,X
2752,x
2753,Y
2754,y
2755,Z
2756,z
2757,A
2758,a
2759,B
2760,b
2761,C
2762,c
2763,D
2764,d
2765,E
2766,e
2767,F
2768,f
2769,G
2770,g
2771,H
2772,h
2773,I
2774,i
2775,J
2776,j
2777,K
2778,k
2779,L
2780,l
2781,M
2782,m
2783,N
2784,n
2785,O
2786,o
2787,P
2788,p
2789,Q
2790,q
2791,R
2792,r
2793,S
2794,s
2795,T
2796,t
2797,U
2798,u
2799,V
2800,v
2801,W
2802,w
2803,X
2804,x
2805,Y
2806,y
2807,Z
2808,z
2809,A
2810,a
2811,B
2812,b
2813,C
2814,c
2815,D
2816,d
2817,E
2818,e
2819,F
2820,f
2821,G
2822,g
2823,H
2824,h
2825,I
2826,i
2827,J
2828,j
2829,K
2830,k
2831,L
2832,l
2833,M
2834,m
2835,N
2836,n
2837,O
2838,o
2839,P
2840,p
2841,Q
2842,q
2843,R
2844,r
2845,S
2846,s
2847,T
2848,t
2849,U
2850,u
2851,V
2852,v
2853,W
2854,w
2855,X
2856,x
2857,Y
2858,y
2859,Z
2860,z
2861,A
2862,a
2863,B
2864,b
2865,C
2866,c
2867,D
2868,d
2869,E
2870,e
2871,F
2872,f
2873,G
2874,g
2875,H
2876,h
2877,I
2878,i
2879,J
2880,j
2881,K
2882,k
2883,L
2884,l
2885,M
2886,m
2887,N
2888,n
2889,O
2890,o
2891,P
2892,p
2893,Q
2894,q
2895,R
2896,r
2897,S
2898,s
2899,T
2900,t
2901,U
2902,u
2903,V
2904,v
2905,W
2906,w
2907,X
2908,x
2909,Y
2910,y
2911,Z
2912,z
2913,A
2914,a
2915,B
2916,b
2917,C
2918,c
2919,D
2920,d
2921,E
2922,e
2923,F
2924,f
2925,G
2926,g
2927,H
2928,h
2929,I
2930,i
2931,J
2932,j
2933,K
2934,k
2935,L
2936,l
2937,M
2938,m
2939,N
2940,n
2941,O
2942,o
2943,P
2944,p
2945,Q
2946,q
2947,R
2948,r
2949,S
2950,s
2951,T
2952,t
2953,U
2954,u
2955,V
2956,v
2957,W
2958,w
2959,X
2960,x
2961,Y
2962,y
2963,Z
2964,z
2965,A
2966,a
2967,B
2968,b
2969,C
2970,c
2971,D
2972,d
2973,E
2974,e
2975,F
2976,f
2977,G
2978,g
2979,H
2980,h
2981,I
2982,i
2983,J
2984,j
2985,K
2986,k
2987,L
2988,l
2989,M
2990,m
2991,N
2992,n
2993,O
2994,o
2995,P
2996,p
2997,Q
2998,q
2999,R
3000,r
3001,S
3002,s
3003,T
3004,t
3005,U
3006,u
3007,V
3008,v
3009,W
3010,w
3011,X
3012,x
3013,Y
3014,y
3015,Z
3016,z
3017,A
3018,a
3019,B
3020,b
3021,C
3022,c
3023,D
3024,d
3025,E
3026,e
3027,F
3028,f
3029,G
3030,g
3031,H
3032,h
3033,I
3034,i
3035,J
3036,j
3037,K
3038,k
3039,L
3040,l
3041,M
3042,m
3043,N
3044,n
3045,O
3046,o
3047,P
3048,p
3049,Q
3050,q
3051,R
3052,r
3053,S
3054,s
3055,T
3056,t
3057,U
3058,u
3059,V
3060,v
3061,W
3062,w
3063,X
3064,x
3065,Y
3066,y
3067,Z
3068,z
3069,A
3070,a
3071,B
3072,b
3073,C
3074,c
3075,D
3076,d
3077,E
3078,e
3079,F
3080,f
3081,G
3082,g
3083,H
3084,h
3085,I
3086,i
3087,J
3088,j
3089,K
3090,k
3091,L
3092,l
3093,M
3094,m
3095,N
3096,n
3097,O
3098,o
3099,P
3100,p
3101,Q
3102,q
3103,R
3104,r
3105,S
3106,s
3107,T
3108,t
3109,U
3110,u
3111,V
3112,v
3113,W
3114,w
3115,X
3116,x
3117,Y
3118,y
3119,Z
3120,z
3121,A
3122,a
3123,B
3124,b
3125,C
3126,c
3127,D
3128,d
3129,E
3130,e
3131,F
3132,f
3133,G
3134,g
3135,H
3136,h
3137,I
3138,i
3139,J
3140,j
3141,K
3142,k
3143,L
3144,l
3145,M
3146,m
3147,N
3148,n
3149,O
3150,o
3151,P
3152,p
3153,Q
3154,q
3155,R
3156,r
3157,S
3158,s
3159,T
3160,t
3161,U
3162,u
3163,V
3164,v
3165,W
3166,w
3167,X
3168,x
3169,Y
3170,y
3171,Z
3172,z
3173,A
3174,a
3175,B
3176,b
3177,C
3178,c
3179,D
3180,d
3181,E
3182,e
3183,F
3184,f
3185,G
3186,g
3187,H
3188,h
3189,I
3190,i
3191,J
3192,j
3193,K
3194,k
3195,L
3196,l
3197,M
3198,m
3199,N
3200,n
3201,O
3202,o
3203,P
3204,p
3205,Q
3206,q
3207,R
3208,r
3209,S
3210,s
3211,T
3212,t
3213,U
3214,u
3215,V
3216,v
3217,W
3218,w
3219,X
3220,x
3221,Y
3222,y
3223,Z
3224,z
3225,A
3226,a
3227,B
3228,b
3229,C
3230,c
3231,D
3232,d
3233,E
3234,e
3235,F
3236,f
3237,G
3238,g
3239,H
3240,h
3241,I
3242,i
3243,J
3244,j
3245,K
3246,k
3247,L
3248,l
3249,M
3250,m
3251,N
3252,n
3253,O
3254,o
3255,P
3256,p
3257,Q
3258,q
3259,R
3260,r
3261,S
3262,s
3263,T
3264,t
3265,U
3266,u
3267,V
3268,v
3269,W
3270,w
3271,X
3272,x
3273,Y
3274,y
3275,Z
3276,z
3277,A
3278,a
3279,B
3280,b
3281,C
3282,c
3283,D
3284,d
3285,E
3286,e
3287,F
3288,f
3289,G
3290,g
3291,H
3292,h
3293,I
3294,i
3295,J
3296,j
3297,K
3298,k
3299,L
3300,l
3301,M
3302,m
3303,N
3304,n
3305,O
3306,o
3307,P
3308,p
3309,Q
3310,q
3311,R
3312,r
3313,S
3314,s
3315,T
3316,t
3317,U
3318,u
3319,V
3320,v
3321,W
3322,w
3323,X
3324,x
3325,Y
3326,y
3327,Z
3328,z
3329,A
3330,a
3331,B
3332,b
3333,C
3334,c
3335,D
3336,d
3337,E
3338,e
3339,F
3340,f
3341,G
3342,g
3343,H
3344,h
3345,I
3346,i
3347,J
3348,j
3349,K
3350,k
3351,L
3352,l
3353,M
3354,m
3355,N
3356,n
3357,O
3358,o
3359,P
3360,p
3361,Q
3362,q
3363,R
3364,r
3365,S
3366,s
3367,T
3368,t
3369,U
3370,u
3371,V
3372,v
3373,W
3374,w
3375,X
3376,x
3377,Y
3378,y
3379,Z
3380,z
3381,A
3382,a
3383,B
3384,b
3385,C
3386,c
3387,D
3388,d
3389,E
3390,e
3391,F
3392,f
3393,G
3394,g
3395,H
3396,h
3397,I
3398,i
3399,J
3400,j
3401,K
3402,k
3403,L
3404,l
3405,M
3406,m
3407,N
3408,n
3409,O
3410,o
3411,P
3412,p
3413,Q
3414,q
3415,R
3416,r
3417,S
3418,s
3419,T
3420,t
3421,U
3422,u
3423,V
3424,v
3425,W
3426,w
3427,X
3428,x
3429,Y
3430,y
3431,Z
3432,z
3433,A
3434,a
3435,B
3436,b
3437,C
3438,c
3439,D
3440,d
3441,E
3442,e
3443,F
3444,f
3445,G
3446,g
3447,H
3448,h
3449,I
3450,i
3451,J
3452,j
3453,K
3454,k
3455,L
3456,l
3457,M
3458,m
3459,N
3460,n
3461,O
3462,o
3463,P
3464,p
3465,Q
3466,q
3467,R
3468,r
3469,S
3470,s
3471,T
3472,t
3473,U
3474,u
3475,V
3476,v
3477,W
3478,w
3479,X
3480,x
3481,Y
3482,y
3483,Z
3484,z
3485,A
3486,a
3487,B
3488,b
3489,C
3490,c
3491,D
3492,d
3493,E
3494,e
3495,F
3496,f
3497,G
3498,g
3499,H
3500,h
3501,I
3502,i
3503,J
3504,j
3505,K
3506,k
3507,L
3508,l
3509,M
3510,m
3511,N
3512,n
3513,O
3514,o
3515,P
3516,p
3517,Q
3518,q
3519,R
3520,r
3521,S
3522,s
3523,T
3524,t
3525,U
3526,u
3527,V
3528,v
3529,W
3530,w
3531,X
3532,x
3533,Y
3534,y
3535,Z
3536,z
3537,A
3538,a
3539,B
3540,b
3541,C
3542,c
3543,D
3544,d
3545,E
3546,e
3547,F
3548,f
3549,G
3550,g
3551,H
3552,h
3553,I
3554,i
3555,J
3556,j
3557,K
3558,k
3559,L
3560,l
3561,M
3562,m
3563,N
3564,n
3565,O
3566,o
3567,P
3568,p
3569,Q
3570,q
3571,R
3572,r
3573,S
3574,s
3575,T
3576,t
3577,U
3578,u
3579,V
3580,v
3581,W
3582,w
3583,X
3584,x
3585,Y
3586,y
3587,Z
3588,z
3589,A
3590,a
3591,B
3592,b
3593,C
3594,c
3595,D
3596,d
3597,E
3598,e
3599,F
3600,f
3601,G
3602,g
3603,H
3604,h
3605,I
3606,i
3607,J
3608,j
3609,K
3610,k
3611,L
3612,l
3613,M
3614,m
3615,N
3616,n
3617,O
3618,o
3619,P
3620,p
3621,Q
3622,q
3623,R
3624,r
3625,S
3626,s
3627,T
3628,t
3629,U
3630,u
3631,V
3632,v
3633,W
3634,w
3635,X
3636,x
3637,Y
3638,y
3639,Z
3640,z
3641,A
3642,a
3643,B
3644,b
3645,C
3646,c
3647,D
3648,d
3649,E
3650,e
3651,F
3652,f
3653,G
3654,g
3655,H
3656,h
3657,I
3658,i
3659,J
3660,j
3661,K
3662,k
3663,L
3664,l
3665,M
3666,m
3667,N
3668,n
3669,O
3670,o
3671,P
3672,p
3673,Q
3674,q
3675,R
3676,r
3677,S
3678,s
3679,T
3680,t
3681,U
3682,u
3683,V
3684,v
3685,W
3686,w
3687,X
3688,x
3689,Y
3690,y
3691,Z
3692,z
3693,A
3694,a
3695,B
3696,b
3697,C
3698,c
3699,D
3700,d
3701,E
3702,e
3703,F
3704,f
3705,G
3706,g
3707,H
3708,h
3709,I
3710,i
3711,J
3712,j
3713,K
3714,k
3715,L
3716,l
3717,M
3718,m
3719,N
3720,n
3721,O
3722,o
3723,P
3724,p
3725,Q
3726,q
3727,R
3728,r
3729,S
3730,s
3731,T
3732,t
3733,U
3734,u
3735,V
3736,v
3737,W
3738,w
3739,X
3740,x
3741,Y
3742,y
3743,Z
3744,z
3745,A
3746,a
3747,B
3748,b
3749,C
3750,c
3751,D
3752,d
3753,E
3754,e
3755,F
3756,f
3757,G
3758,g
3759,H
3760,h
3761,I
3762,i
3763,J
3764,j
3765,K
3766,k
3767,L
3768,l
3769,M
3770,m
3771,N
3772,n
3773,O
3774,o
3775,P
3776,p
3777,Q
3778,q
3779,R
3780,r
3781,S
3782,s
3783,T
3784,t
3785,U
3786,u
3787,V
3788,v
3789,W
3790,w
3791,X
3792,x
3793,Y
3794,y
3795,Z
3796,z
3797,A
3798,a
3799,B
3800,b
3801,C
3802,c
3803,D
3804,d
3805,E
3806,e
3807,F
3808,f
3809,G
3810,g
3811,H
3812,h
3813,I
3814,i
3815,J
3816,j
3817,K
3818,k
3819,L
3820,l
3821,M
3822,m
3823,N
3824,n
3825,O
3826,o
3827,P
3828,p
3829,Q
3830,q
3831,R
3832,r
3833,S
3834,s
3835,T
3836,t
3837,U
3838,u
3839,V
3840,v
3841,W
3842,w
3843,X
3844,x
3845,Y
3846,y
3847,Z
3848,z
3849,A
3850,a
3851,B
3852,b
3853,C
3854,c
3855,D
3856,d
3857,E
3858,e
3859,F
3860,f
3861,G
3862,g
3863,H
3864,h
3865,I
3866,i
3867,J
3868,j
3869,K
3870,k
3871,L
3872,l
3873,M
3874,m
3875,N
3876,n
3877,O
3878,o
3879,P
3880,p
3881,Q
3882,q
3883,R
3884,r
3885,S
3886,s
3887,T
3888,t
3889,U
3890,u
3891,V
3892,v
3893,W
3894,w
3895,X
3896,x
3897,Y
3898,y
3899,Z
3900,z
3901,A
3902,a
3903,B
3904,b
3905,C
3906,c
3907,D
3908,d
3909,E
3910,e
3911,F
3912,f
3913,G
3914,g
3915,H
3916,h
3917,I
3918,i
3919,J
3920,j
3921,K
3922,k
3923,L
3924,l
3925,M
3926,m
3927,N
3928,n
3929,O
3930,o
3931,P
3932,p
3933,Q
3934,q
3935,R
3936,r
3937,S
3938,s
3939,T
3940,t
3941,U
3942,u
3943,V
3944,v
3945,W
3946,w
3947,X
3948,x
3949,Y
3950,y
3951,Z
3952,z
3953,A
3954,a
3955,B
3956,b
3957,C
3958,c
3959,D
3960,d
3961,E
3962,e
3963,F
3964,f
3965,G
3966,g
3967,H
3968,h
3969,I
3970,i
3971,J
3972,j
3973,K
3974,k
3975,L
3976,l
3977,M
3978,m
3979,N
3980,n
3981,O
3982,o
3983,P
3984,p
3985,Q
3986,q
3987,R
3988,r
3989,S
3990,s
3991,T
3992,t
3993,U
3994,u
3995,V
3996,v
3997,W
3998,w
3999,X
4000,x
4001,Y
4002,y
4003,Z
4004,z
4005,A
4006,a
4007,B
4008,b
4009,C
4010,c
4011,D
4012,d
4013,E
4014,e
4015,F
4016,f
4017,G
4018,g
4019,H
4020,h
4021,I
4022,i
4023,J
4024,j
4025,K
4026,k
4027,L
4028,l
4029,M
4030,m
4031,N
4032,n
4033,O
4034,o
4035,P
4036,p
4037,Q
4038,q
4039,R
4040,r
4041,S
4042,s
4043,T
4044,t
4045,U
4046,u
4047,V
4048,v
4049,W
4050,w
4051,X
4052,x
4053,Y
4054,y
4055,Z
4056,z
4057,A
4058,a
4059,B
4060,b
4061,C
4062,c
4063,D
4064,d
4065,E
4066,e
4067,F
4068,f
4069,G
4070,g
4071,H
4072,h
4073,I
4074,i
4075,J
4076,j
4077,K
4078,k
4079,L
4080,l
4081,M
4082,m
4083,N
4084,n
4085,O
4086,o
4087,P
4088,p
4089,Q
4090,q
4091,R
4092,r
4093,S
4094,s
4095,T
4096,t
4097,U
4098,u
4099,V
4100,v
4101,W
4102,w
4103,X
4104,x
4105,Y
4106,y
4107,Z
4108,z
4109,A
4110,a
4111,B
4112,b
4113,C
4114,c
4115,D
4116,d
4117,E
4118,e
4119,F
4120,f
4121,G
4122,g
4123,H
4124,h
4125,I
4126,i
4127,J
4128,j
4129,K
4130,k
4131,L
4132,l
4133,M
4134,m
4135,N
4136,n
4137,O
4138,o
4139,P
4140,p
4141,Q
4142,q
4143,R
4144,r
4145,S
4146,s
4147,T
4148,t
4149,U
4150,u
4151,V
4152,v
4153,W
4154,w
4155,X
4156,x
4157,Y
4158,y
4159,Z
4160,z
4161,A
4162,a
4163,B
4164,b
4165,C
4166,c
4167,D
4168,d
4169,E
4170,e
4171,F
4172,f
4173,G
4174,g
4175,H
4176,h
4177,I
4178,i
4179,J
4180,j
4181,K
4182,k
4183,L
4184,l
4185,M
4186,m
4187,N
4188,n
4189,O
4190,o
4191,P
4192,p
4193,Q
4194,q
4195,R
4196,r
4197,S
4198,s
4199,T
4200,t
4201,U
4202,u
4203,V
4204,v
4205,W
4206,w
4207,X
4208,x
4209,Y
4210,y
4211,Z
4212,z
4213,A
4214,a
4215,B
4216,b
4217,C
4218,c
4219,D
4220,d
4221,E
4222,e
4223,F
4224,f
4225,G
4226,g
4227,H
4228,h
4229,I
4230,i
4231,J
4232,j
4233,K
4234,k
4235,L
4236,l
4237,M
4238,m
4239,N
4240,n
4241,O
4242,o
4243,P
4244,p
4245,Q
4246,q
4247,R
4248,r
4249,S
4250,s
4251,T
4252,t
4253,U
4254,u
4255,V
4256,v
4257,W
4258,w
4259,X
4260,x
4261,Y
4262,y
4263,Z
4264,z
4265,A
4266,a
4267,B
4268,b
4269,C
4270,c
4271,D
4272,d
4273,E
4274,e
4275,F
4276,f
4277,G
4278,g
4279,H
4280,h
4281,I
4282,i
4283,J
4284,j
4285,K
4286,k
4287,L
4288,l
4289,M
4290,m
4291,N
4292,n
4293,O
4294,o
4295,P
4296,p
4297,Q
4298,q
4299,R
4300,r
4301,S
4302,s
4303,T
4304,t
4305,U
4306,u
4307,V
4308,v
4309,W
4310,w
4311,X
4312,x
4313,Y
4314,y
4315,Z
4316,z
4317,A
4318,a
4319,B
4320,b
4321,C
4322,c
4323,D
4324,d
4325,E
4326,e
4327,F
4328,f
4329,G
4330,g
4331,H
4332,h
4333,I
4334,i
4335,J
4336,j
4337,K
4338,k
4339,L
4340,l
4341,M
4342,m
4343,N
4344,n
4345,O
4346,o
4347,P
4348,p
4349,Q
4350,q
4351,R
4352,r
4353,S
4354,s
4355,T
4356,t
4357,U
4358,u
4359,V
4360,v
4361,W
4362,w
4363,X
4364,x
4365,Y
4366,y
4367,Z
4368,z
4369,A
4370,a
4371,B
4372,b
4373,C
4374,c
4375,D
4376,d
4377,E
4378,e
4379,F
4380,f
4381,G
4382,g
4383,H
4384,h
4385,I
4386,i
4387,J
4388,j
4389,K
4390,k
4391,L
4392,l
4393,M
4394,m
4395,N
4396,n
4397,O
4398,o
4399,P
4400,p
4401,Q
4402,q
4403,R
4404,r
4405,S
4406,s
4407,T
4408,t
4409,U
4410,u
4411,V
4412,v
4413,W
4414,w
4415,X
4416,x
4417,Y
4418,y
4419,Z
4420,z
4421,A
4422,a
4423,B
4424,b
4425,C
4426,c
4427,D
4428,d
4429,E
4430,e
4431,F
4432,f
4433,G
4434,g
4435,H
4436,h
4437,I
4438,i
4439,J
4440,j
4441,K
4442,k
4443,L
4444,l
4445,M
4446,m
4447,N
4448,n
4449,O
4450,o
4451,P
4452,p
4453,Q
4454,q
4455,R
4456,r
4457,S
4458,s
4459,T
4460,t
4461,U
4462,u
4463,V
4464,v
4465,W
4466,w
4467,X
4468,x
4469,Y
4470,y
4471,Z
4472,z
4473,A
4474,a
4475,B
4476,b
4477,C
4478,c
4479,D
4480,d
4481,E
4482,e
4483,F
4484,f
4485,G
4486,g
4487,H
4488,h
4489,I
4490,i
4491,J
4492,j
4493,K
4494,k
4495,L
4496,l
4497,M
4498,m
4499,N
4500,n
4501,O
4502,o
4503,P
4504,p
4505,Q
4506,q
4507,R
4508,r
4509,S
4510,s
4511,T
4512,t
4513,U
4514,u
4515,V
4516,v
4517,W
4518,w
4519,X
4520,x
4521,Y
4522,y
4523,Z
4524,z
4525,A
4526,a
4527,B
4528,b
4529,C
4530,c
4531,D
4532,d
4533,E
4534,e
4535,F
4536,f
4537,G
4538,g
4539,H
4540,h
4541,I
4542,i
4543,J
4544,j
4545,K
4546,k
4547,L
4548,l
4549,M
4550,m
4551,N
4552,n
4553,O
4554,o
4555,P
4556,p
4557,Q
4558,q
4559,R
4560,r
4561,S
4562,s
4563,T
4564,t
4565,U
4566,u
4567,V
4568,v
4569,W
4570,w
4571,X
4572,x
4573,Y
4574,y
4575,Z
4576,z
4577,A
4578,a
4579,B
4580,b
4581,C
4582,c
4583,D
4584,d
4585,E
4586,e
4587,F
4588,f
4589,G
4590,g
4591,H
4592,h
4593,I
4594,i
4595,J
4596,j
4597,K
4598,k
4599,L
4600,l
4601,M
4602,m
4603,N
4604,n
4605,O
4606,o
4607,P
4608,p
4609,Q
4610,q
4611,R
4612,r
4613,S
4614,s
4615,T
4616,t
4617,U
4618,u
4619,V
4620,v
4621,W
4622,w
4623,X
4624,x
4625,Y
4626,y
4627,Z
4628,z
4629,A
4630,a
4631,B
4632,b
4633,C
4634,c
4635,D
4636,d
4637,E
4638,e
4639,F
4640,f
4641,G
4642,g
4643,H
4644,h
4645,I
4646,i
4647,J
4648,j
4649,K
4650,k
4651,L
4652,l
4653,M
4654,m
4655,N
4656,n
4657,O
4658,o
4659,P
4660,p
4661,Q
4662,q
4663,R
4664,r
4665,S
4666,s
4667,T
4668,t
4669,U
4670,u
4671,V
4672,v
4673,W
4674,w
4675,X
4676,x
4677,Y
4678,y
4679,Z
4680,z
4681,A
4682,a
4683,B
4684,b
4685,C
4686,c
4687,D
4688,d
4689,E
4690,e
4691,F
4692,f
4693,G
4694,g
4695,H
4696,h
4697,I
4698,i
4699,J
4700,j
4701,K
4702,k
4703,L
4704,l
4705,M
4706,m
4707,N
4708,n
4709,O
4710,o
4711,P
4712,p
4713,Q
4714,q
4715,R
4716,r
4717,S
4718,s
4719,T
4720,t
4721,U
4722,u
4723,V
4724,v
4725,W
4726,w
4727,X
4728,x
4729,Y
4730,y
4731,Z
4732,z
4733,A
4734,a
4735,B
4736,b
4737,C
4738,c
4739,D
4740,d
4741,E
4742,e
4743,F
4744,f
4745,G
4746,g
4747,H
4748,h
4749,I
4750,i
4751,J
4752,j
4753,K
4754,k
4755,L
4756,l
4757,M
4758,m
4759,N
4760,n
4761,O
4762,o
4763,P
4764,p
4765,Q
4766,q
4767,R
4768,r
4769,S
4770,s
4771,T
4772,t
4773,U
4774,u
4775,V
4776,v
4777,W
4778,w
4779,X
4780,x
4781,Y
4782,y
4783,Z
4784,z
4785,A
4786,a
4787,B
4788,b
4789,C
4790,c
4791,D
4792,d
4793,E
4794,e
4795,F
4796,f
4797,G
4798,g
4799,H
4800,h
4801,I
4802,i
4803,J
4804,j
4805,K
4806,k
4807,L
4808,l
4809,M
4810,m
4811,N
4812,n
4813,O
4814,o
4815,P
4816,p
4817,Q
4818,q
4819,R
4820,r
4821,S
4822,s
4823,T
4824,t
4825,U
4826,u
4827,V
4828,v
4829,W
4830,w
4831,X
4832,x
4833,Y
4834,y
4835,Z
4836,z
4837,A
4838,a
4839,B
4840,b
4841,C
4842,c
4843,D
4844,d
4845,E
4846,e
4847,F
4848,f
4849,G
4850,g
4851,H
4852,h
4853,I
4854,i
4855,J
4856,j
4857,K
4858,k
4859,L
4860,l
4861,M
4862,m
4863,N
4864,n
4865,O
4866,o
4867,P
4868,p
4869,Q
4870,q
4871,R
4872,r
4873,S
4874,s
4875,T
4876,t
4877,U
4878,u
4879,V
4880,v
4881,W
4882,w
4883,X
4884,x
4885,Y
4886,y
4887,Z
4888,z
4889,A
4890,a
4891,B
4892,b
4893,C
4894,c
4895,D
4896,d
4897,E
4898,e
4899,F
4900,f
4901,G
4902,g
4903,H
4904,h
4905,I
4906,i
4907,J
4908,j
4909,K
4910,k
4911,L
4912,l
4913,M
4914,m
4915,N
4916,n
4917,O
4918,o
4919,P
4920,p
4921,Q
4922,q
4923,R
4924,r
4925,S
4926,s
4927,T
4928,t
4929,U
4930,u
4931,V
4932,v
4933,W
4934,w
4935,X
4936,x
4937,Y
4938,y
4939,Z
4940,z
4941,A
4942,a
4943,B
4944,b
4945,C
4946,c
4947,D
4948,d
4949,E
4950,e
4951,F
4952,f
4953,G
4954,g
4955,H
4956,h
4957,I
4958,i
4959,J
4960,j
4961,K
4962,k
4963,L
4964,l
4965,M
4966,m
4967,N
4968,n
4969,O
4970,o
4971,P
4972,p
4973,Q
4974,q
4975,R
4976,r
4977,S
4978,s
4979,T
4980,t
4981,U
4982,u
4983,V
4984,v
4985,W
4986,w
4987,X
4988,x
4989,Y
4990,y
4991,Z
4992,z
4993,A
4994,a
4995,B
4996,b
4997,C
4998,c
4999,D
5000,d
5001,E
5002,e
5003,F
5004,f
5005,G
5006,g
5007,H
5008,h
5009,I
5010,i
5011,J
5012,j
5013,K
5014,k
5015,L
5016,l
5017,M
5018,m
5019,N
5020,n
5021,O
5022,o
5023,P
5024,p
5025,Q
5026,q
5027,R
5028,r
5029,S
5030,s
5031,T
5032,t
5033,U
5034,u
5035,V
5036,v
5037,W
5038,w
5039,X
5040,x
5041,Y
5042,y
5043,Z
5044,z
5045,A
5046,a
5047,B
5048,b
5049,C
5050,c
5051,D
5052,d
5053,E
5054,e
5055,F
5056,f
5057,G
5058,g
5059,H
5060,h
5061,I
5062,i
5063,J
5064,j
5065,K
5066,k
5067,L
5068,l
5069,M
5070,m
5071,N
5072,n
5073,O
5074,o
5075,P
5076,p
5077,Q
5078,q
5079,R
5080,r
5081,S
5082,s
5083,T
5084,t
5085,U
5086,u
5087,V
5088,v
5089,W
5090,w
5091,X
5092,x
5093,Y
5094,y
5095,Z
5096,z
5097,A
5098,a
5099,B
5100,b
5101,C
5102,c
5103,D
5104,d
5105,E
5106,e
5107,F
5108,f
5109,G
5110,g
5111,H
5112,h
5113,I
5114,i
5115,J
5116,j
5117,K
5118,k
5119,L
5120,l
5121,M
5122,m
5123,N
5124,n
5125,O
5126,o
5127,P
5128,p
5129,Q
5130,q
5131,R
5132,r
5133,S
5134,s
5135,T
5136,t
5137,U
5138,u
5139,V
5140,v
5141,W
5142,w
5143,X
5144,x
5145,Y
5146,y
5147,Z
5148,z
5149,A
5150,a
5151,B
5152,b
5153,C
5154,c
5155,D
5156,d
5157,E
5158,e
5159,F
5160,f
5161,G
5162,g
5163,H
5164,h
5165,I
5166,i
5167,J
5168,j
5169,K
5170,k
5171,L
5172,l
5173,M
5174,m
5175,N
5176,n
5177,O
5178,o
5179,P
5180,p
5181,Q
5182,q
5183,R
5184,r
5185,S
5186,s
5187,T
5188,t
5189,U
5190,u
5191,V
5192,v
5193,W
5194,w
5195,X
5196,x
5197,Y
5198,y
5199,Z
5200,z
5201,A
5202,a
5203,B
5204,b
5205,C
5206,c
5207,D
5208,d
5209,E
5210,e
5211,F
5212,f
5213,G
5214,g
5215,H
5216,h
5217,I
5218,i
5219,J
5220,j
5221,K
5222,k
5223,L
5224,l
5225,M
5226,m
5227,N
5228,n
5229,O
5230,o
5231,P
5232,p
5233,Q
5234,q
5235,R
5236,r
5237,S
5238,s
5239,T
5240,t
5241,U
5242,u
5243,V
5244,v
5245,W
5246,w
5247,X
5248,x
5249,Y
5250,y
5251,Z
5252,z
5253,A
5254,a
5255,B
5256,b
5257,C
5258,c
5259,D
5260,d
5261,E
5262,e
5263,F
5264,f
5265,G
5266,g
5267,H
5268,h
5269,I
5270,i
5271,J
5272,j
5273,K
5274,k
5275,L
5276,l
5277,M
5278,m
5279,N
5280,n
5281,O
5282,o
5283,P
5284,p
5285,Q
5286,q
5287,R
5288,r
5289,S
5290,s
5291,T
5292,t
5293,U
5294,u
5295,V
5296,v
5297,W
5298,w
5299,X
5300,x
5301,Y
5302,y
5303,Z
5304,z
5305,A
5306,a
5307,B
5308,b
5309,C
5310,c
5311,D
5312,d
5313,E
5314,e
5315,F
5316,f
5317,G
5318,g
5319,H
5320,h
5321,I
5322,i
5323,J
5324,j
5325,K
5326,k
5327,L
5328,l
5329,M
5330,m
5331,N
5332,n
5333,O
5334,o
5335,P
5336,p
5337,Q
5338,q
5339,R
5340,r
5341,S
5342,s
5343,T
5344,t
5345,U
5346,u
5347,V
5348,v
5349,W
5350,w
5351,X
5352,x
5353,Y
5354,y
5355,Z
5356,z
5357,A
5358,a
5359,B
5360,b
5361,C
5362,c
5363,D
5364,d
5365,E
5366,e
5367,F
5368,f
5369,G
5370,g
5371,H
5372,h
5373,I
5374,i
5375,J
5376,j
5377,K
5378,k
5379,L
5380,l
5381,M
5382,m
5383,N
5384,n
5385,O
5386,o
5387,P
5388,p
5389,Q
5390,q
5391,R
5392,r
5393,S
5394,s
5395,T
5396,t
5397,U
5398,u
5399,V
5400,v
5401,W
5402,w
5403,X
5404,x
5405,Y
5406,y
5407,Z
5408,z
5409,A
5410,a
5411,B
5412,b
5413,C
5414,c
5415,D
5416,d
5417,E
5418,e
5419,F
5420,f
5421,G
5422,g
5423,H
5424,h
5425,I
5426,i
5427,J
5428,j
5429,K
5430,k
5431,L
5432,l
5433,M
5434,m
5435,N
5436,n
5437,O
5438,o
5439,P
5440,p
5441,Q
5442,q
5443,R
5444,r
5445,S
5446,s
5447,T
5448,t
5449,U
5450,u
5451,V
5452,v
5453,W
5454,w
5455,X
5456,x
5457,Y
5458,y
5459,Z
5460,z
5461,A
5462,a
5463,B
5464,b
5465,C
5466,c
5467,D
5468,d
5469,E
5470,e
5471,F
5472,f
5473,G
5474,g
5475,H
5476,h
5477,I
5478,i
5479,J
5480,j
5481,K
5482,k
5483,L
5484,l
5485,M
5486,m
5487,N
5488,n
5489,O
5490,o
5491,P
5492,p
5493,Q
5494,q
5495,R
5496,r
5497,S
5498,s
5499,T
5500,t
5501,U
5502,u
5503,V
5504,v
5505,W
5506,w
5507,X
5508,x
5509,Y
5510,y
5511,Z
5512,z
5513,A
5514,a
5515,B
5516,b
5517,C
5518,c
5519,D
5520,d
5521,E
5522,e
5523,F
5524,f
5525,G
5526,g
5527,H
5528,h
5529,I
5530,i
5531,J
5532,j
5533,K
5534,k
5535,L
5536,l
5537,M
5538,m
5539,N
5540,n
5541,O
5542,o
5543,P
5544,p
5545,Q
5546,q
5547,R
5548,r
5549,S
5550,s
5551,T
5552,t
5553,U
5554,u
5555,V
5556,v
5557,W
5558,w
5559,X
5560,x
5561,Y
5562,y
5563,Z
5564,z
5565,A
5566,a
5567,B
5568,b
5569,C
5570,c
5571,D
5572,d
5573,E
5574,e
5575,F
5576,f
5577,G
5578,g
5579,H
5580,h
5581,I
5582,i
5583,J
5584,j
5585,K
5586,k
5587,L
5588,l
5589,M
5590,m
5591,N
5592,n
5593,O
5594,o
5595,P
5596,p
5597,Q
5598,q
5599,R
5600,r
5601,S
5602,s
5603,T
5604,t
5605,U
5606,u
5607,V
5608,v
5609,W
5610,w
5611,X
5612,x
5613,Y
5614,y
5615,Z
5616,z
5617,A
5618,a
5619,B
5620,b
5621,C
5622,c
5623,D
5624,d
5625,E
5626,e
5627,F
5628,f
5629,G
5630,g
5631,H
5632,h
5633,I
5634,i
5635,J
5636,j
5637,K
5638,k
5639,L
5640,l
5641,M
5642,m
5643,N
5644,n
5645,O
5646,o
5647,P
5648,p
5649,Q
5650,q
5651,R
5652,r
5653,S
5654,s
5655,T
5656,t
5657,U
5658,u
5659,V
5660,v
5661,W
5662,w
5663,X
5664,x
5665,Y
5666,y
5667,Z
5668,z
5669,A
5670,a
5671,B
5672,b
5673,C
5674,c
5675,D
5676,d
5677,E
5678,e
5679,F
5680,f
5681,G
5682,g
5683,H
5684,h
5685,I
5686,i
5687,J
5688,j
5689,K
5690,k
5691,L
5692,l
5693,M
5694,m
5695,N
5696,n
5697,O
5698,o
5699,P
5700,p
5701,Q
5702,q
5703,R
5704,r
5705,S
5706,s
5707,T
5708,t
5709,U
5710,u
5711,V
5712,v
5713,W
5714,w
5715,X
5716,x
5717,Y
5718,y
5719,Z
5720,z
5721,A
5722,a
5723,B
5724,b
5725,C
5726,c
5727,D
5728,d
5729,E
5730,e
5731,F
5732,f
5733,G
5734,g
5735,H
5736,h
5737,I
5738,i
5739,J
5740,j
5741,K
5742,k
5743,L
5744,l
5745,M
5746,m
5747,N
5748,n
5749,O
5750,o
5751,P
5752,p
5753,Q
5754,q
5755,R
5756,r
5757,S
5758,s
5759,T
5760,t
5761,U
5762,u
5763,V
5764,v
5765,W
5766,w
5767,X
5768,x
5769,Y
5770,y
5771,Z
5772,z
5773,A
5774,a
5775,B
5776,b
5777,C
5778,c
5779,D
5780,d
5781,E
5782,e
5783,F
5784,f
5785,G
5786,g
5787,H
5788,h
5789,I
5790,i
5791,J
5792,j
5793,K
5794,k
5795,L
5796,l
5797,M
5798,m
5799,N
5800,n
5801,O
5802,o
5803,P
5804,p
5805,Q
5806,q
5807,R
5808,r
5809,S
5810,s
5811,T
5812,t
5813,U
5814,u
5815,V
5816,v
5817,W
5818,w
5819,X
5820,x
5821,Y
5822,y
5823,Z
5824,z
5825,A
5826,a
5827,B
5828,b
5829,C
5830,c
5831,D
5832,d
5833,E
5834,e
5835,F
5836,f
5837,G
5838,g
5839,H
5840,h
5841,I
5842,i
5843,J
5844,j
5845,K
5846,k
5847,L
5848,l
5849,M
5850,m
5851,N
5852,n
5853,O
5854,o
5855,P
5856,p
5857,Q
5858,q
5859,R
5860,r
5861,S
5862,s
5863,T
5864,t
5865,U
5866,u
5867,V
5868,v
5869,W
5870,w
5871,X
5872,x
5873,Y
5874,y
5875,Z
5876,z
5877,A
5878,a
5879,B
5880,b
5881,C
5882,c
5883,D
5884,d
5885,E
5886,e
5887,F
5888,f
5889,G
5890,g
5891,H
5892,h
5893,I
5894,i
5895,J
5896,j
5897,K
5898,k
5899,L
5900,l
5901,M
5902,m
5903,N
5904,n
5905,O
5906,o
5907,P
5908,p
5909,Q
5910,q
5911,R
5912,r
5913,S
5914,s
5915,T
5916,t
5917,U
5918,u
5919,V
5920,v
5921,W
5922,w
5923,X
5924,x
5925,Y
5926,y
5927,Z
5928,z
5929,A
5930,a
5931,B
5932,b
5933,C
5934,c
5935,D
5936,d
5937,E
5938,e
5939,F
5940,f
5941,G
5942,g
5943,H
5944,h
5945,I
5946,i
5947,J
5948,j
5949,K
5950,k
5951,L
5952,l
5953,M
5954,m
5955,N
5956,n
5957,O
5958,o
5959,P
5960,p
5961,Q
5962,q
5963,R
5964,r
5965,S
5966,s
5967,T
5968,t
5969,U
5970,u
5971,V
5972,v
5973,W
5974,w
5975,X
5976,x
5977,Y
5978,y
5979,Z
5980,z
5981,A
5982,a
5983,B
5984,b
5985,C
5986,c
5987,D
5988,d
5989,E
5990,e
5991,F
5992,f
5993,G
5994,g
5995,H
5996,h
5997,I
5998,i
5999,J
6000,j
6001,K
6002,k
6003,L
6004,l
6005,M
6006,m
6007,N
6008,n
6009,O
6010,o
6011,P
6012,p
6013,Q
6014,q
6015,R
6016,r
6017,S
6018,s
6019,T
6020,t
6021,U
6022,u
6023,V
6024,v
6025,W
6026,w
6027,X
6028,x
6029,Y
6030,y
6031,Z
6032,z
6033,A
6034,a
6035,B
6036,b
6037,C
6038,c
6039,D
6040,d
6041,E
6042,e
6043,F
6044,f
6045,G
6046,g
6047,H
6048,h
6049,I
6050,i
6051,J
6052,j
6053,K
6054,k
6055,L
6056,l
6057,M
6058,m
6059,N
6060,n
6061,O
6062,o
6063,P
6064,p
6065,Q
6066,q
6067,R
6068,r
6069,S
6070,s
6071,T
6072,t
6073,U
6074,u
6075,V
6076,v
6077,W
6078,w
6079,X
6080,x
6081,Y
6082,y
6083,Z
6084,z
6085,A
6086,a
6087,B
6088,b
6089,C
6090,c
6091,D
6092,d
6093,E
6094,e
6095,F
6096,f
6097,G
6098,g
6099,H
6100,h
6101,I
6102,i
6103,J
6104,j
6105,K
6106,k
6107,L
6108,l
6109,M
6110,m
6111,N
6112,n
6113,O
6114,o
6115,P
6116,p
6117,Q
6118,q
6119,R
6120,r
6121,S
6122,s
6123,T
6124,t
6125,U
6126,u
6127,V
6128,v
6129,W
6130,w
6131,X
6132,x
6133,Y
6134,y
6135,Z
6136,z
6137,A
6138,a
6139,B
6140,b
6141,C
6142,c
6143,D
6144,d
6145,E
6146,e
6147,F
6148,f
6149,G
6150,g
6151,H
6152,h
6153,I
6154,i
6155,J
6156,j
6157,K
6158,k
6159,L
6160,l
6161,M
6162,m
6163,N
6164,n
6165,O
6166,o
6167,P
6168,p
6169,Q
6170,q
6171,R
6172,r
6173,S
6174,s
6175,T
6176,t
6177,U
6178,u
6179,V
6180,v
6181,W
6182,w
6183,X
6184,x
6185,Y
6186,y
6187,Z
6188,z
6189,A
6190,a
6191,B
6192,b
6193,C
6194,c
6195,D
6196,d
6197,E
6198,e
6199,F
6200,f
6201,G
6202,g
6203,H
6204,h
6205,I
6206,i
6207,J
6208,j
6209,K
6210,k
6211,L
6212,l
6213,M
6214,m
6215,N
6216,n
6217,O
6218,o
6219,P
6220,p
6221,Q
6222,q
6223,R
6224,r
6225,S
6226,s
6227,T
6228,t
6229,U
6230,u
6231,V
6232,v
6233,W
6234,w
6235,X
6236,x
6237,Y
6238,y
6239,Z
6240,z
6241,A
6242,a
6243,B
6244,b
6245,C
6246,c
6247,D
6248,d
6249,E
6250,e
6251,F
6252,f
6253,G
6254,g
6255,H
6256,h
6257,I
6258,i
6259,J
6260,j
6261,K
6262,k
6263,L
6264,l
6265,M
6266,m
6267,N
6268,n
6269,O
6270,o
6271,P
6272,p
6273,Q
6274,q
6275,R
6276,r
6277,S
6278,s
6279,T
6280,t
6281,U
6282,u
6283,V
6284,v
6285,W
6286,w
6287,X
6288,x
6289,Y
6290,y
6291,Z
6292,z
6293,A
6294,a
6295,B
6296,b
6297,C
6298,c
6299,D
6300,d
6301,E
6302,e
6303,F
6304,f
6305,G
6306,g
6307,H
6308,h
6309,I
6310,i
6311,J
6312,j
6313,K
6314,k
6315,L
6316,l
6317,M
6318,m
6319,N
6320,n
6321,O
6322,o
6323,P
6324,p
6325,Q
6326,q
6327,R
6328,r
6329,S
6330,s
6331,T
6332,t
6333,U
6334,u
6335,V
6336,v
6337,W
6338,w
6339,X
6340,x
6341,Y
6342,y
6343,Z
6344,z
6345,A
6346,a
6347,B
6348,b
6349,C
6350,c
6351,D
6352,d
6353,E
6354,e
6355,F
6356,f
6357,G
6358,g
6359,H
6360,h
6361,I
6362,i
6363,J
6364,j
6365,K
6366,k
6367,L
6368,l
6369,M
6370,m
6371,N
6372,n
6373,O
6374,o
6375,P
6376,p
6377,Q
6378,q
6379,R
6380,r
6381,S
6382,s
6383,T
6384,t
6385,U
6386,u
6387,V
6388,v
6389,W
6390,w
6391,X
6392,x
6393,Y
6394,y
6395,Z
6396,z
6397,A
6398,a
6399,B
6400,b
6401,C
6402,c
6403,D
6404,d
6405,E
6406,e
6407,F
6408,f
6409,G
6410,g
6411,H
6412,h
6413,I
6414,i
6415,J
6416,j
6417,K
6418,k
6419,L
6420,l
6421,M
6422,m
6423,N
6424,n
6425,O
6426,o
6427,P
6428,p
6429,Q
6430,q
6431,R
6432,r
6433,S
6434,s
6435,T
6436,t
6437,U
6438,u
6439,V
6440,v
6441,W
6442,w
6443,X
6444,x
6445,Y
6446,y
6447,Z
6448,z
6449,A
6450,a
6451,B
6452,b
6453,C
6454,c
6455,D
6456,d
6457,E
6458,e
6459,F
6460,f
6461,G
6462,g
6463,H
6464,h
6465,I
6466,i
6467,J
6468,j
6469,K
6470,k
6471,L
6472,l
6473,M
6474,m
6475,N
6476,n
6477,O
6478,o
6479,P
6480,p
6481,Q
6482,q
6483,R
6484,r
6485,S
6486,s
6487,T
6488,t
6489,U
6490,u
6491,V
6492,v
6493,W
6494,w
6495,X
6496,x
6497,Y
6498,y
6499,Z
6500,z
6501,A
6502,a
6503,B
6504,b
6505,C
6506,c
6507,D
6508,d
6509,E
6510,e
6511,F
6512,f
6513,G
6514,g
6515,H
6516,h
6517,I
6518,i
6519,J
6520,j
6521,K
6522,k
6523,L
6524,l
6525,M
6526,m
6527,N
6528,n
6529,O
6530,o
6531,P
6532,p
6533,Q
6534,q
6535,R
6536,r
6537,S
6538,s
6539,T
6540,t
6541,U
6542,u
6543,V
6544,v
6545,W
6546,w
6547,X
6548,x
6549,Y
6550,y
6551,Z
6552,z
6553,A
6554,a
6555,B
6556,b
6557,C
6558,c
6559,D
6560,d
6561,E
6562,e
6563,F
6564,f
6565,G
6566,g
6567,H
6568,h
6569,I
6570,i
6571,J
6572,j
6573,K
6574,k
6575,L
6576,l
6577,M
6578,m
6579,N
6580,n
6581,O
6582,o
6583,P
6584,p
6585,Q
6586,q
6587,R
6588,r
6589,S
6590,s
6591,T
6592,t
6593,U
6594,u
6595,V
6596,v
6597,W
6598,w
6599,X
6600,x
6601,Y
6602,y
6603,Z
6604,z
6605,A
6606,a
6607,B
6608,b
6609,C
6610,c
6611,D
6612,d
6613,E
6614,e
6615,F
6616,f
6617,G
6618,g
6619,H
6620,h
6621,I
6622,i
6623,J
6624,j
6625,K
6626,k
6627,L
6628,l
6629,M
6630,m
6631,N
6632,n
6633,O
6634,o
6635,P
6636,p
6637,Q
6638,q
6639,R
6640,r
6641,S
6642,s
6643,T
6644,t
6645,U
6646,u
6647,V
6648,v
6649,W
6650,w
6651,X
6652,x
6653,Y
6654,y
6655,Z
6656,z
6657,A
6658,a
6659,B
6660,b
6661,C
6662,c
6663,D
6664,d
6665,E
6666,e
6667,F
6668,f
6669,G
6670,g
6671,H
6672,h
6673,I
6674,i
6675,J
6676,j
6677,K
6678,k
6679,L
6680,l
6681,M
6682,m
6683,N
6684,n
6685,O
6686,o
6687,P
6688,p
6689,Q
6690,q
6691,R
6692,r
6693,S
6694,s
6695,T
6696,t
6697,U
6698,u
6699,V
6700,v
6701,W
6702,w
6703,X
6704,x
6705,Y
6706,y
6707,Z
6708,z
6709,A
6710,a
6711,B
6712,b
6713,C
6714,c
6715,D
6716,d
6717,E
6718,e
6719,F
6720,f
6721,G
6722,g
6723,H
6724,h
6725,I
6726,i
6727,J
6728,j
6729,K
6730,k
6731,L
6732,l
6733,M
6734,m
6735,N
6736,n
6737,O
6738,o
6739,P
6740,p
6741,Q
6742,q
6743,R
6744,r
6745,S
6746,s
6747,T
6748,t
6749,U
6750,u
6751,V
6752,v
6753,W
6754,w
6755,X
6756,x
6757,Y
6758,y
6759,Z
6760,z
6761,A
6762,a
6763,B
6764,b
6765,C
6766,c
6767,D
6768,d
6769,E
6770,e
6771,F
6772,f
6773,G
6774,g
6775,H
6776,h
6777,I
6778,i
6779,J
6780,j
6781,K
6782,k
6783,L
6784,l
6785,M
6786,m
6787,N
6788,n
6789,O
6790,o
6791,P
6792,p
6793,Q
6794,q
6795,R
6796,r
6797,S
6798,s
6799,T
6800,t
6801,U
6802,u
6803,V
6804,v
6805,W
6806,w
6807,X
6808,x
6809,Y
6810,y
6811,Z
6812,z
6813,A
6814,a
6815,B
6816,b
6817,C
6818,c
6819,D
6820,d
6821,E
6822,e
6823,F
6824,f
6825,G
6826,g
6827,H
6828,h
6829,I
6830,i
6831,J
6832,j
6833,K
6834,k
6835,L
6836,l
6837,M
6838,m
6839,N
6840,n
6841,O
6842,o
6843,P
6844,p
6845,Q
6846,q
6847,R
6848,r
6849,S
6850,s
6851,T
6852,t
6853,U
6854,u
6855,V
6856,v
6857,W
6858,w
6859,X
6860,x
6861,Y
6862,y
6863,Z
6864,z
6865,A
6866,a
6867,B
6868,b
6869,C
6870,c
6871,D
6872,d
6873,E
6874,e
6875,F
6876,f
6877,G
6878,g
6879,H
6880,h
6881,I
6882,i
6883,J
6884,j
6885,K
6886,k
6887,L
6888,l
6889,M
6890,m
6891,N
6892,n
6893,O
6894,o
6895,P
6896,p
6897,Q
6898,q
6899,R
6900,r
6901,S
6902,s
6903,T
6904,t
6905,U
6906,u
6907,V
6908,v
6909,W
6910,w
6911,X
6912,x
6913,Y
6914,y
6915,Z
6916,z
6917,A
6918,a
6919,B
6920,b
6921,C
6922,c
6923,D
6924,d
6925,E
6926,e
6927,F
6928,f
6929,G
6930,g
6931,H
6932,h
6933,I
6934,i
6935,J
6936,j
6937,K
6938,k
6939,L
6940,l
6941,M
6942,m
6943,N
6944,n
6945,O
6946,o
6947,P
6948,p
6949,Q
6950,q
6951,R
6952,r
6953,S
6954,s
6955,T
6956,t
6957,U
6958,u
6959,V
6960,v
6961,W
6962,w
6963,X
6964,x
6965,Y
6966,y
6967,Z
6968,z
6969,A
6970,a
6971,B
6972,b
6973,C
6974,c
6975,D
6976,d
6977,E
6978,e
6979,F
6980,f
6981,G
6982,g
6983,H
6984,h
6985,I
6986,i
6987,J
6988,j
6989,K
6990,k
6991,L
6992,l
6993,M
6994,m
6995,N
6996,n
6997,O
6998,o
6999,P
7000,p
7001,Q
7002,q
7003,R
7004,r
7005,S
7006,s
7007,T
7008,t
7009,U
7010,u
7011,V
7012,v
7013,W
7014,w
7015,X
7016,x
7017,Y
7018,y
7019,Z
7020,z
7021,A
7022,a
7023,B
7024,b
7025,C
7026,c
7027,D
7028,d
7029,E
7030,e
7031,F
7032,f
7033,G
7034,g
7035,H
7036,h
7037,I
7038,i
7039,J
7040,j
7041,K
7042,k
7043,L
7044,l
7045,M
7046,m
7047,N
7048,n
7049,O
7050,o
7051,P
7052,p
7053,Q
7054,q
7055,R
7056,r
7057,S
7058,s
7059,T
7060,t
7061,U
7062,u
7063,V
7064,v
7065,W
7066,w
7067,X
7068,x
7069,Y
7070,y
7071,Z
7072,z
7073,A
7074,a
7075,B
7076,b
7077,C
7078,c
7079,D
7080,d
7081,E
7082,e
7083,F
7084,f
7085,G
7086,g
7087,H
7088,h
7089,I
7090,i
7091,J
7092,j
7093,K
7094,k
7095,L
7096,l
7097,M
7098,m
7099,N
7100,n
7101,O
7102,o
7103,P
7104,p
7105,Q
7106,q
7107,R
7108,r
7109,S
7110,s
7111,T
7112,t
7113,U
7114,u
7115,V
7116,v
7117,W
7118,w
7119,X
7120,x
7121,Y
7122,y
7123,Z
7124,z
7125,A
7126,a
7127,B
7128,b
7129,C
7130,c
7131,D
7132,d
7133,E
7134,e
7135,F
7136,f
7137,G
7138,g
7139,H
7140,h
7141,I
7142,i
7143,J
7144,j
7145,K
7146,k
7147,L
7148,l
7149,M
7150,m
7151,N
7152,n
7153,O
7154,o
7155,P
7156,p
7157,Q
7158,q
7159,R
7160,r
7161,S
7162,s
7163,T
7164,t
7165,U
7166,u
7167,V
7168,v
7169,W
7170,w
7171,X
7172,x
7173,Y
7174,y
7175,Z
7176,z
7177,A
7178,a
7179,B
7180,b
7181,C
7182,c
7183,D
7184,d
7185,E
7186,e
7187,F
7188,f
7189,G
7190,g
7191,H
7192,h
7193,I
7194,i
7195,J
7196,j
7197,K
7198,k
7199,L
7200,l
7201,M
7202,m
7203,N
7204,n
7205,O
7206,o
7207,P
7208,p
7209,Q
7210,q
7211,R
7212,r
7213,S
7214,s
7215,T
7216,t
7217,U
7218,u
7219,V
7220,v
7221,W
7222,w
7223,X
7224,x
7225,Y
7226,y
7227,Z
7228,z
7229,A
7230,a
7231,B
7232,b
7233,C
7234,c
7235,D
7236,d
7237,E
7238,e
7239,F
7240,f
7241,G
7242,g
7243,H
7244,h
7245,I
7246,i
7247,J
7248,j
7249,K
7250,k
7251,L
7252,l
7253,M
7254,m
7255,N
7256,n
7257,O
7258,o
7259,P
7260,p
7261,Q
7262,q
7263,R
7264,r
7265,S
7266,s
7267,T
7268,t
7269,U
7270,u
7271,V
7272,v
7273,W
7274,w
7275,X
7276,x
7277,Y
7278,y
7279,Z
7280,z
7281,A
7282,a
7283,B
7284,b
7285,C
7286,c
7287,D
7288,d
7289,E
7290,e
7291,F
7292,f
7293,G
7294,g
7295,H
7296,h
7297,I
7298,i
7299,J
7300,j
7301,K
7302,k
7303,L
7304,l
7305,M
7306,m
7307,N
7308,n
7309,O
7310,o
7311,P
7312,p
7313,Q
7314,q
7315,R
7316,r
7317,S
7318,s
7319,T
7320,t
7321,U
7322,u
7323,V
7324,v
7325,W
7326,w
7327,X
7328,x
7329,Y
7330,y
7331,Z
7332,z
7333,A
7334,a
7335,B
7336,b
7337,C
7338,c
7339,D
7340,d
7341,E
7342,e
7343,F
7344,f
7345,G
7346,g
7347,H
7348,h
7349,I
7350,i
7351,J
7352,j
7353,K
7354,k
7355,L
7356,l
7357,M
7358,m
7359,N
7360,n
7361,O
7362,o
7363,P
7364,p
7365,Q
7366,q
7367,R
7368,r
7369,S
7370,s
7371,T
7372,t
7373,U
7374,u
7375,V
7376,v
7377,W
7378,w
7379,X
7380,x
7381,Y
7382,y
7383,Z
7384,z
7385,A
7386,a
7387,B
7388,b
7389,C
7390,c
7391,D
7392,d
7393,E
7394,e
7395,F
7396,f
7397,G
7398,g
7399,H
7400,h
7401,I
7402,i
7403,J
7404,j
7405,K
7406,k
7407,L
7408,l
7409,M
7410,m
7411,N
7412,n
7413,O
7414,o
7415,P
7416,p
7417,Q
7418,q
7419,R
7420,r
7421,S
7422,s
7423,T
7424,t
7425,U
7426,u
7427,V
7428,v
7429,W
7430,w
7431,X
7432,x
7433,Y
7434,y
7435,Z
7436,z
7437,A
7438,a
7439,B
7440,b
7441,C
7442,c
7443,D
7444,d
7445,E
7446,e
7447,F
7448,f
7449,G
7450,g
7451,H
7452,h
7453,I
7454,i
7455,J
7456,j
7457,K
7458,k
7459,L
7460,l
7461,M
7462,m
7463,N
7464,n
7465,O
7466,o
7467,P
7468,p
7469,Q
7470,q
7471,R
7472,r
7473,S
7474,s
7475,T
7476,t
7477,U
7478,u
7479,V
7480,v
7481,W
7482,w
7483,X
7484,x
7485,Y
7486,y
7487,Z
7488,z
7489,A
7490,a
7491,B
7492,b
7493,C
7494,c
7495,D
7496,d
7497,E
7498,e
7499,F
7500,f
7501,G
7502,g
7503,H
7504,h
7505,I
7506,i
7507,J
7508,j
7509,K
7510,k
7511,L
7512,l
7513,M
7514,m
7515,N
7516,n
7517,O
7518,o
7519,P
7520,p
7521,Q
7522,q
7523,R
7524,r
7525,S
7526,s
7527,T
7528,t
7529,U
7530,u
7531,V
7532,v
7533,W
7534,w
7535,X
7536,x
7537,Y
7538,y
7539,Z
7540,z
7541,A
7542,a
7543,B
7544,b
7545,C
7546,c
7547,D
7548,d
7549,E
7550,e
7551,F
7552,f
7553,G
7554,g
7555,H
7556,h
7557,I
7558,i
7559,J
7560,j
7561,K
7562,k
7563,L
7564,l
7565,M
7566,m
7567,N
7568,n
7569,O
7570,o
7571,P
7572,p
7573,Q
7574,q
7575,R
7576,r
7577,S
7578,s
7579,T
7580,t
7581,U
7582,u
7583,V
7584,v
7585,W
7586,w
7587,X
7588,x
7589,Y
7590,y
7591,Z
7592,z
7593,A
7594,a
7595,B
7596,b
7597,C
7598,c
7599,D
7600,d
7601,E
7602,e
7603,F
7604,f
7605,G
7606,g
7607,H
7608,h
7609,I
7610,i
7611,J
7612,j
7613,K
7614,k
7615,L
7616,l
7617,M
7618,m
7619,N
7620,n
7621,O
7622,o
7623,P
7624,p
7625,Q
7626,q
7627,R
7628,r
7629,S
7630,s
7631,T
7632,t
7633,U
7634,u
7635,V
7636,v
7637,W
7638,w
7639,X
7640,x
7641,Y
7642,y
7643,Z
7644,z
7645,A
7646,a
7647,B
7648,b
7649,C
7650,c
7651,D
7652,d
7653,E
7654,e
7655,F
7656,f
7657,G
7658,g
7659,H
7660,h
7661,I
7662,i
7663,J
7664,j
7665,K
7666,k
7667,L
7668,l
7669,M
7670,m
7671,N
7672,n
7673,O
7674,o
7675,P
7676,p
7677,Q
7678,q
7679,R
7680,r
7681,S
7682,s
7683,T
7684,t
7685,U
7686,u
7687,V
7688,v
7689,W
7690,w
7691,X
7692,x
7693,Y
7694,y
7695,Z
7696,z
7697,A
7698,a
7699,B
7700,b
7701,C
7702,c
7703,D
7704,d
7705,E
7706,e
7707,F
7708,f
7709,G
7710,g
7711,H
7712,h
7713,I
7714,i
7715,J
7716,j
7717,K
7718,k
7719,L
7720,l
7721,M
7722,m
7723,N
7724,n
7725,O
7726,o
7727,P
7728,p
7729,Q
7730,q
7731,R
7732,r
7733,S
7734,s
7735,T
7736,t
7737,U
7738,u
7739,V
7740,v
7741,W
7742,w
7743,X
7744,x
7745,Y
7746,y
7747,Z
7748,z
7749,A
7750,a
7751,B
7752,b
7753,C
7754,c
7755,D
7756,d
7757,E
7758,e
7759,F
7760,f
7761,G
7762,g
7763,H
7764,h
7765,I
7766,i
7767,J
7768,j
7769,K
7770,k
7771,L
7772,l
7773,M
7774,m
7775,N
7776,n
7777,O
7778,o
7779,P
7780,p
7781,Q
7782,q
7783,R
7784,r
7785,S
7786,s
7787,T
7788,t
7789,U
7790,u
7791,V
7792,v
7793,W
7794,w
7795,X
7796,x
7797,Y
7798,y
7799,Z
7800,z
7801,A
7802,a
7803,B
7804,b
7805,C
7806,c
7807,D
7808,d
7809,E
7810,e
7811,F
7812,f
7813,G
7814,g
7815,H
7816,h
7817,I
7818,i
7819,J
7820,j
7821,K
7822,k
7823,L
7824,l
7825,M
7826,m
7827,N
7828,n
7829,O
7830,o
7831,P
7832,p
7833,Q
7834,q
7835,R
7836,r
7837,S
7838,s
7839,T
7840,t
7841,U
7842,u
7843,V
7844,v
7845,W
7846,w
7847,X
7848,x
7849,Y
7850,y
7851,Z
7852,z
7853,A
7854,a
7855,B
7856,b
7857,C
7858,c
7859,D
7860,d
7861,E
7862,e
7863,F
7864,f
7865,G
7866,g
7867,H
7868,h
7869,I
7870,i
7871,J
7872,j
7873,K
7874,k
7875,L
7876,l
7877,M
7878,m
7879,N
7880,n
7881,O
7882,o
7883,P
7884,p
7885,Q
7886,q
7887,R
7888,r
7889,S
7890,s
7891,T
7892,t
7893,U
7894,u
7895,V
7896,v
7897,W
7898,w
7899,X
7900,x
7901,Y
7902,y
7903,Z
7904,z
7905,A
7906,a
7907,B
7908,b
7909,C
7910,c
7911,D
7912,d
7913,E
7914,e
7915,F
7916,f
7917,G
7918,g
7919,H
7920,h
7921,I
7922,i
7923,J
7924,j
7925,K
7926,k
7927,L
7928,l
7929,M
7930,m
7931,N
7932,n
7933,O
7934,o
7935,P
7936,p
7937,Q
7938,q
7939,R
7940,r
7941,S
7942,s
7943,T
7944,t
7945,U
7946,u
7947,V
7948,v
7949,W
7950,w
7951,X
7952,x
7953,Y
7954,y
7955,Z
7956,z
7957,A
7958,a
7959,B
7960,b
7961,C
7962,c
7963,D
7964,d
7965,E
7966,e
7967,F
7968,f
7969,G
7970,g
7971,H
7972,h
7973,I
7974,i
7975,J
7976,j
7977,K
7978,k
7979,L
7980,l
7981,M
7982,m
7983,N
7984,n
7985,O
7986,o
7987,P
7988,p
7989,Q
7990,q
7991,R
7992,r
7993,S
7994,s
7995,T
7996,t
7997,U
7998,u
7999,V
8000,v
8001,W
8002,w
8003,X
8004,x
8005,Y
8006,y
8007,Z
8008,z
8009,A
8010,a
8011,B
8012,b
8013,C
8014,c
8015,D
8016,d
8017,E
8018,e
8019,F
8020,f
8021,G
8022,g
8023,H
8024,h
8025,I
8026,i
8027,J
8028,j
8029,K
8030,k
8031,L
8032,l
8033,M
8034,m
8035,N
8036,n
8037,O
8038,o
8039,P
8040,p
8041,Q
8042,q
8043,R
8044,r
8045,S
8046,s
8047,T
8048,t
8049,U
8050,u
8051,V
8052,v
8053,W
8054,w
8055,X
8056,x
8057,Y
8058,y
8059,Z
8060,z
8061,A
8062,a
8063,B
8064,b
8065,C
8066,c
8067,D
8068,d
8069,E
8070,e
8071,F
8072,f
8073,G
8074,g
8075,H
8076,h
8077,I
8078,i
8079,J
8080,j
8081,K
8082,k
8083,L
8084,l
8085,M
8086,m
8087,N
8088,n
8089,O
8090,o
8091,P
8092,p
8093,Q
8094,q
8095,R
8096,r
8097,S
8098,s
8099,T
8100,t
8101,U
8102,u
8103,V
8104,v
8105,W
8106,w
8107,X
8108,x
8109,Y
8110,y
8111,Z
8112,z
8113,A
8114,a
8115,B
8116,b
8117,C
8118,c
8119,D
8120,d
8121,E
8122,e
8123,F
8124,f
8125,G
8126,g
8127,H
8128,h
8129,I
8130,i
8131,J
8132,j
8133,K
8134,k
8135,L
8136,l
8137,M
8138,m
8139,N
8140,n
8141,O
8142,o
8143,P
8144,p
8145,Q
8146,q
8147,R
8148,r
8149,S
8150,s
8151,T
8152,t
8153,U
8154,u
8155,V
8156,v
8157,W
8158,w
8159,X
8160,x
8161,Y
8162,y
8163,Z
8164,z
8165,A
8166,a
8167,B
8168,b
8169,C
8170,c
8171,D
8172,d
8173,E
8174,e
8175,F
8176,f
8177,G
8178,g
8179,H
8180,h
8181,I
8182,i
8183,J
8184,j
8185,K
8186,k
8187,L
8188,l
8189,M
8190,m
8191,N
8192,n
8193,O
8194,o
8195,P
8196,p
8197,Q
8198,q
8199,R
8200,r
8201,S
8202,s
8203,T
8204,t
8205,U
8206,u
8207,V
8208,v
8209,W
8210,w
8211,X
8212,x
8213,Y
8214,y
8215,Z
8216,z
8217,A
8218,a
8219,B
8220,b
8221,C
8222,c
8223,D
8224,d
8225,E
8226,e
8227,F
8228,f
8229,G
8230,g
8231,H
8232,h
8233,I
8234,i
8235,J
8236,j
8237,K
8238,k
8239,L
8240,l
8241,M
8242,m
8243,N
8244,n
8245,O
8246,o
8247,P
8248,p
8249,Q
8250,q
8251,R
8252,r
8253,S
8254,s
8255,T
8256,t
8257,U
8258,u
8259,V
8260,v
8261,W
8262,w
8263,X
8264,x
8265,Y
8266,y
8267,Z
8268,z
8269,A
8270,a
8271,B
8272,b
8273,C
8274,c
8275,D
8276,d
8277,E
8278,e
8279,F
8280,f
8281,G
8282,g
8283,H
8284,h
8285,I
8286,i
8287,J
8288,j
8289,K
8290,k
8291,L
8292,l
8293,M
8294,m
8295,N
8296,n
8297,O
8298,o
8299,P
8300,p
8301,Q
8302,q
8303,R
8304,r
8305,S
8306,s
8307,T
8308,t
8309,U
8310,u
8311,V
8312,v
8313,W
8314,w
8315,X
8316,x
8317,Y
8318,y
8319,Z
8320,z
8321,A
8322,a
8323,B
8324,b
8325,C
8326,c
8327,D
8328,d
8329,E
8330,e
8331,F
8332,f
8333,G
8334,g
8335,H
8336,h
8337,I
8338,i
8339,J
8340,j
8341,K
8342,k
8343,L
8344,l
8345,M
8346,m
8347,N
8348,n
8349,O
8350,o
8351,P
8352,p
8353,Q
8354,q
8355,R
8356,r
8357,S
8358,s
8359,T
8360,t
8361,U
8362,u
8363,V
8364,v
8365,W
8366,w
8367,X
8368,x
8369,Y
8370,y
8371,Z
8372,z
8373,A
8374,a
8375,B
8376,b
8377,C
8378,c
8379,D
8380,d
8381,E
8382,e
8383,F
8384,f
8385,G
8386,g
8387,H
8388,h
8389,I
8390,i
8391,J
8392,j
8393,K
8394,k
8395,L
8396,l
8397,M
8398,m
8399,N
8400,n
8401,O
8402,o
8403,P
8404,p
8405,Q
8406,q
8407,R
8408,r
8409,S
8410,s
8411,T
8412,t
8413,U
8414,u
8415,V
8416,v
8417,W
8418,w
8419,X
8420,x
8421,Y
8422,y
8423,Z
8424,z
8425,A
8426,a
8427,B
8428,b
8429,C
8430,c
8431,D
8432,d
8433,E
8434,e
8435,F
8436,f
8437,G
8438,g
8439,H
8440,h
8441,I
8442,i
8443,J
8444,j
8445,K
8446,k
8447,L
8448,l
8449,M
8450,m
8451,N
8452,n
8453,O
8454,o
8455,P
8456,p
8457,Q
8458,q
8459,R
8460,r
8461,S
8462,s
8463,T
8464,t
8465,U
8466,u
8467,V
8468,v
8469,W
8470,w
8471,X
8472,x
8473,Y
8474,y
8475,Z
8476,z
8477,A
8478,a
8479,B
8480,b
8481,C
8482,c
8483,D
8484,d
8485,E
8486,e
8487,F
8488,f
8489,G
8490,g
8491,H
8492,h
8493,I
8494,i
8495,J
8496,j
8497,K
8498,k
8499,L
8500,l
8501,M
8502,m
8503,N
8504,n
8505,O
8506,o
8507,P
8508,p
8509,Q
8510,q
8511,R
8512,r
8513,S
8514,s
8515,T
8516,t
8517,U
8518,u
8519,V
8520,v
8521,W
8522,w
8523,X
8524,x
8525,Y
8526,y
8527,Z
8528,z
8529,A
8530,a
8531,B
8532,b
8533,C
8534,c
8535,D
8536,d
8537,E
8538,e
8539,F
8540,f
8541,G
8542,g
8543,H
8544,h
8545,I
8546,i
8547,J
8548,j
8549,K
8550,k
8551,L
8552,l
8553,M
8554,m
8555,N
8556,n
8557,O
8558,o
8559,P
8560,p
8561,Q
8562,q
8563,R
8564,r
8565,S
8566,s
8567,T
8568,t
8569,U
8570,u
8571,V
8572,v
8573,W
8574,w
8575,X
8576,x
8577,Y
8578,y
8579,Z
8580,z
8581,A
8582,a
8583,B
8584,b
8585,C
8586,c
8587,D
8588,d
8589,E
8590,e
8591,F
8592,f
8593,G
8594,g
8595,H
8596,h
8597,I
8598,i
8599,J
8600,j
8601,K
8602,k
8603,L
8604,l
8605,M
8606,m
8607,N
8608,n
8609,O
8610,o
8611,P
8612,p
8613,Q
8614,q
8615,R
8616,r
8617,S
8618,s
8619,T
8620,t
8621,U
8622,u
8623,V
8624,v
8625,W
8626,w
8627,X
8628,x
8629,Y
8630,y
8631,Z
8632,z
8633,A
8634,a
8635,B
8636,b
8637,C
8638,c
8639,D
8640,d
8641,E
8642,e
8643,F
8644,f
8645,G
8646,g
8647,H
8648,h
8649,I
8650,i
8651,J
8652,j
8653,K
8654,k
8655,L
8656,l
8657,M
8658,m
8659,N
8660,n
8661,O
8662,o
8663,P
8664,p
8665,Q
8666,q
8667,R
8668,r
8669,S
8670,s
8671,T
8672,t
8673,U
8674,u
8675,V
8676,v
8677,W
8678,w
8679,X
8680,x
8681,Y
8682,y
8683,Z
8684,z
8685,A
8686,a
8687,B
8688,b
8689,C
8690,c
8691,D
8692,d
8693,E
8694,e
8695,F
8696,f
8697,G
8698,g
8699,H
8700,h
8701,I
8702,i
8703,J
8704,j
8705,K
8706,k
8707,L
8708,l
8709,M
8710,m
8711,N
8712,n
8713,O
8714,o
8715,P
8716,p
8717,Q
8718,q
8719,R
8720,r
8721,S
8722,s
8723,T
8724,t
8725,U
8726,u
8727,V
8728,v
8729,W
8730,w
8731,X
8732,x
8733,Y
8734,y
8735,Z
8736,z
8737,A
8738,a
8739,B
8740,b
8741,C
8742,c
8743,D
8744,d
8745,E
8746,e
8747,F
8748,f
8749,G
8750,g
8751,H
8752,h
8753,I
8754,i
8755,J
8756,j
8757,K
8758,k
8759,L
8760,l
8761,M
8762,m
8763,N
8764,n
8765,O
8766,o
8767,P
8768,p
8769,Q
8770,q
8771,R
8772,r
8773,S
8774,s
8775,T
8776,t
8777,U
8778,u
8779,V
8780,v
8781,W
8782,w
8783,X
8784,x
8785,Y
8786,y
8787,Z
8788,z
8789,A
8790,a
8791,B
8792,b
8793,C
8794,c
8795,D
8796,d
8797,E
8798,e
8799,F
8800,f
8801,G
8802,g
8803,H
8804,h
8805,I
8806,i
8807,J
8808,j
8809,K
8810,k
8811,L
8812,l
8813,M
8814,m
8815,N
8816,n
8817,O
8818,o
8819,P
8820,p
8821,Q
8822,q
8823,R
8824,r
8825,S
8826,s
8827,T
8828,t
8829,U
8830,u
8831,V
8832,v
8833,W
8834,w
8835,X
8836,x
8837,Y
8838,y
8839,Z
8840,z
8841,A
8842,a
8843,B
8844,b
8845,C
8846,c
8847,D
8848,d
8849,E
8850,e
8851,F
8852,f
8853,G
8854,g
8855,H
8856,h
8857,I
8858,i
8859,J
8860,j
8861,K
8862,k
8863,L
8864,l
8865,M
8866,m
8867,N
8868,n
8869,O
8870,o
8871,P
8872,p
8873,Q
8874,q
8875,R
8876,r
8877,S
8878,s
8879,T
8880,t
8881,U
8882,u
8883,V
8884,v
8885,W
8886,w
8887,X
8888,x
8889,Y
8890,y
8891,Z
8892,z
8893,A
8894,a
8895,B
8896,b
8897,C
8898,c
8899,D
8900,d
8901,E
8902,e
8903,F
8904,f
8905,G
8906,g
8907,H
8908,h
8909,I
8910,i
8911,J
8912,j
8913,K
8914,k
8915,L
8916,l
8917,M
8918,m
8919,N
8920,n
8921,O
8922,o
8923,P
8924,p
8925,Q
8926,q
8927,R
8928,r
8929,S
8930,s
8931,T
8932,t
8933,U
8934,u
8935,V
8936,v
8937,W
8938,w
8939,X
8940,x
8941,Y
8942,y
8943,Z
8944,z
8945,A
8946,a
8947,B
8948,b
8949,C
8950,c
8951,D
8952,d
8953,E
8954,e
8955,F
8956,f
8957,G
8958,g
8959,H
8960,h
8961,I
8962,i
8963,J
8964,j
8965,K
8966,k
8967,L
8968,l
8969,M
8970,m
8971,N
8972,n
8973,O
8974,o
8975,P
8976,p
8977,Q
8978,q
8979,R
8980,r
8981,S
8982,s
8983,T
8984,t
8985,U
8986,u
8987,V
8988,v
8989,W
8990,w
8991,X
8992,x
8993,Y
8994,y
8995,Z
8996,z
8997,A
8998,a
8999,B
9000,b
9001,C
9002,c
9003,D
9004,d
9005,E
9006,e
9007,F
9008,f
9009,G
9010,g
9011,H
9012,h
9013,I
9014,i
9015,J
9016,j
9017,K
9018,k
9019,L
9020,l
9021,M
9022,m
9023,N
9024,n
9025,O
9026,o
9027,P
9028,p
9029,Q
9030,q
9031,R
9032,r
9033,S
9034,s
9035,T
9036,t
9037,U
9038,u
9039,V
9040,v
9041,W
9042,w
9043,X
9044,x
9045,Y
9046,y
9047,Z
9048,z
9049,A
9050,a
9051,B
9052,b
9053,C
9054,c
9055,D
9056,d
9057,E
9058,e
9059,F
9060,f
9061,G
9062,g
9063,H
9064,h
9065,I
9066,i
9067,J
9068,j
9069,K
9070,k
9071,L
9072,l
9073,M
9074,m
9075,N
9076,n
9077,O
9078,o
9079,P
9080,p
9081,Q
9082,q
9083,R
9084,r
9085,S
9086,s
9087,T
9088,t
9089,U
9090,u
9091,V
9092,v
9093,W
9094,w
9095,X
9096,x
9097,Y
9098,y
9099,Z
9100,z
9101,A
9102,a
9103,B
9104,b
9105,C
9106,c
9107,D
9108,d
9109,E
9110,e
9111,F
9112,f
9113,G
9114,g
9115,H
9116,h
9117,I
9118,i
9119,J
9120,j
9121,K
9122,k
9123,L
9124,l
9125,M
9126,m
9127,N
9128,n
9129,O
9130,o
9131,P
9132,p
9133,Q
9134,q
9135,R
9136,r
9137,S
9138,s
9139,T
9140,t
9141,U
9142,u
9143,V
9144,v
9145,W
9146,w
9147,X
9148,x
9149,Y
9150,y
9151,Z
9152,z
9153,A
9154,a
9155,B
9156,b
9157,C
9158,c
9159,D
9160,d
9161,E
9162,e
9163,F
9164,f
9165,G
9166,g
9167,H
9168,h
9169,I
9170,i
9171,J
9172,j
9173,K
9174,k
9175,L
9176,l
9177,M
9178,m
9179,N
9180,n
9181,O
9182,o
9183,P
9184,p
9185,Q
9186,q
9187,R
9188,r
9189,S
9190,s
9191,T
9192,t
9193,U
9194,u
9195,V
9196,v
9197,W
9198,w
9199,X
9200,x
9201,Y
9202,y
9203,Z
9204,z
9205,A
9206,a
9207,B
9208,b
9209,C
9210,c
9211,D
9212,d
9213,E
9214,e
9215,F
9216,f
9217,G
9218,g
9219,H
9220,h
9221,I
9222,i
9223,J
9224,j
9225,K
9226,k
9227,L
9228,l
9229,M
9230,m
9231,N
9232,n
9233,O
9234,o
9235,P
9236,p
9237,Q
9238,q
9239,R
9240,r
9241,S
9242,s
9243,T
9244,t
9245,U
9246,u
9247,V
9248,v
9249,W
9250,w
9251,X
9252,x
9253,Y
9254,y
9255,Z
9256,z
9257,A
9258,a
9259,B
9260,b
9261,C
9262,c
9263,D
9264,d
9265,E
9266,e
9267,F
9268,f
9269,G
9270,g
9271,H
9272,h
9273,I
9274,i
9275,J
9276,j
9277,K
9278,k
9279,L
9280,l
9281,M
9282,m
9283,N
9284,n
9285,O
9286,o
9287,P
9288,p
9289,Q
9290,q
9291,R
9292,r
9293,S
9294,s
9295,T
9296,t
9297,U
9298,u
9299,V
9300,v
9301,W
9302,w
9303,X
9304,x
9305,Y
9306,y
9307,Z
9308,z
9309,A
9310,a
9311,B
9312,b
9313,C
9314,c
9315,D
9316,d
9317,E
9318,e
9319,F
9320,f
9321,G
9322,g
9323,H
9324,h
9325,I
9326,i
9327,J
9328,j
9329,K
9330,k
9331,L
9332,l
9333,M
9334,m
9335,N
9336,n
9337,O
9338,o
9339,P
9340,p
9341,Q
9342,q
9343,R
9344,r
9345,S
9346,s
9347,T
9348,t
9349,U
9350,u
9351,V
9352,v
9353,W
9354,w
9355,X
9356,x
9357,Y
9358,y
9359,Z
9360,z
9361,A
9362,a
9363,B
9364,b
9365,C
9366,c
9367,D
9368,d
9369,E
9370,e
9371,F
9372,f
9373,G
9374,g
9375,H
9376,h
9377,I
9378,i
9379,J
9380,j
9381,K
9382,k
9383,L
9384,l
9385,M
9386,m
9387,N
9388,n
9389,O
9390,o
9391,P
9392,p
9393,Q
9394,q
9395,R
9396,r
9397,S
9398,s
9399,T
9400,t
9401,U
9402,u
9403,V
9404,v
9405,W
9406,w
9407,X
9408,x
9409,Y
9410,y
9411,Z
9412,z
9413,A
9414,a
9415,B
9416,b
9417,C
9418,c
9419,D
9420,d
9421,E
9422,e
9423,F
9424,f
9425,G
9426,g
9427,H
9428,h
9429,I
9430,i
9431,J
9432,j
9433,K
9434,k
9435,L
9436,l
9437,M
9438,m
9439,N
9440,n
9441,O
9442,o
9443,P
9444,p
9445,Q
9446,q
9447,R
9448,r
9449,S
9450,s
9451,T
9452,t
9453,U
9454,u
9455,V
9456,v
9457,W
9458,w
9459,X
9460,x
9461,Y
9462,y
9463,Z
9464,z
9465,A
9466,a
9467,B
9468,b
9469,C
9470,c
9471,D
9472,d
9473,E
9474,e
9475,F
9476,f
9477,G
9478,g
9479,H
9480,h
9481,I
9482,i
9483,J
9484,j
9485,K
9486,k
9487,L
9488,l
9489,M
9490,m
9491,N
9492,n
9493,O
9494,o
9495,P
9496,p
9497,Q
9498,q
9499,R
9500,r
9501,S
9502,s
9503,T
9504,t
9505,U
9506,u
9507,V
9508,v
9509,W
9510,w
9511,X
9512,x
9513,Y
9514,y
9515,Z
9516,z
9517,A
9518,a
9519,B
9520,b
9521,C
9522,c
9523,D
9524,d
9525,E
9526,e
9527,F
9528,f
9529,G
9530,g
9531,H
9532,h
9533,I
9534,i
9535,J
9536,j
9537,K
9538,k
9539,L
9540,l
9541,M
9542,m
9543,N
9544,n
9545,O
9546,o
9547,P
9548,p
9549,Q
9550,q
9551,R
9552,r
9553,S
9554,s
9555,T
9556,t
9557,U
9558,u
9559,V
9560,v
9561,W
9562,w
9563,X
9564,x
9565,Y
9566,y
9567,Z
9568,z
9569,A
9570,a
9571,B
9572,b
9573,C
9574,c
9575,D
9576,d
9577,E
9578,e
9579,F
9580,f
9581,G
9582,g
9583,H
9584,h
9585,I
9586,i
9587,J
9588,j
9589,K
9590,k
9591,L
9592,l
9593,M
9594,m
9595,N
9596,n
9597,O
9598,o
9599,P
9600,p
9601,Q
9602,q
9603,R
9604,r
9605,S
9606,s
9607,T
9608,t
9609,U
9610,u
9611,V
9612,v
9613,W
9614,w
9615,X
9616,x
9617,Y
9618,y
9619,Z
9620,z
9621,A
9622,a
9623,B
9624,b
9625,C
9626,c
9627,D
9628,d
9629,E
9630,e
9631,F
9632,f
9633,G
9634,g
9635,H
9636,h
9637,I
9638,i
9639,J
9640,j
9641,K
9642,k
9643,L
9644,l
9645,M
9646,m
9647,N
9648,n
9649,O
9650,o
9651,P
9652,p
9653,Q
9654,q
9655,R
9656,r
9657,S
9658,s
9659,T
9660,t
9661,U
9662,u
9663,V
9664,v
9665,W
9666,w
9667,X
9668,x
9669,Y
9670,y
9671,Z
9672,z
9673,A
9674,a
9675,B
9676,b
9677,C
9678,c
9679,D
9680,d
9681,E
9682,e
9683,F
9684,f
9685,G
9686,g
9687,H
9688,h
9689,I
9690,i
9691,J
9692,j
9693,K
9694,k
9695,L
9696,l
9697,M
9698,m
9699,N
9700,n
9701,O
9702,o
9703,P
9704,p
9705,Q
9706,q
9707,R
9708,r
9709,S
9710,s
9711,T
9712,t
9713,U
9714,u
9715,V
9716,v
9717,W
9718,w
9719,X
9720,x
9721,Y
9722,y
9723,Z
9724,z
9725,A
9726,a
9727,B
9728,b
9729,C
9730,c
9731,D
9732,d
9733,E
9734,e
9735,F
9736,f
9737,G
9738,g
9739,H
9740,h
9741,I
9742,i
9743,J
9744,j
9745,K
9746,k
9747,L
9748,l
9749,M
9750,m
9751,N
9752,n
9753,O
9754,o
9755,P
9756,p
9757,Q
9758,q
9759,R
9760,r
9761,S
9762,s
9763,T
9764,t
9765,U
9766,u
9767,V
9768,v
9769,W
9770,w
9771,X
9772,x
9773,Y
9774,y
9775,Z
9776,z
9777,A
9778,a
9779,B
9780,b
9781,C
9782,c
9783,D
9784,d
9785,E
9786,e
9787,F
9788,f
9789,G
9790,g
9791,H
9792,h
9793,I
9794,i
9795,J
9796,j
9797,K
9798,k
9799,L
9800,l
9801,M
9802,m
9803,N
9804,n
9805,O
9806,o
9807,P
9808,p
9809,Q
9810,q
9811,R
9812,r
9813,S
9814,s
9815,T
9816,t
9817,U
9818,u
9819,V
9820,v
9821,W
9822,w
9823,X
9824,x
9825,Y
9826,y
9827,Z
9828,z
9829,A
9830,a
9831,B
9832,b
9833,C
9834,c
9835,D
9836,d
9837,E
9838,e
9839,F
9840,f
9841,G
9842,g
9843,H
9844,h
9845,I
9846,i
9847,J
9848,j
9849,K
9850,k
9851,L
9852,l
9853,M
9854,m
9855,N
9856,n
9857,O
9858,o
9859,P
9860,p
9861,Q
9862,q
9863,R
9864,r
9865,S
9866,s
9867,T
9868,t
9869,U
9870,u
9871,V
9872,v
9873,W
9874,w
9875,X
9876,x
9877,Y
9878,y
9879,Z
9880,z
9881,A
9882,a
9883,B
9884,b
9885,C
9886,c
9887,D
9888,d
9889,E
9890,e
9891,F
9892,f
9893,G
9894,g
9895,H
9896,h
9897,I
9898,i
9899,J
9900,j
9901,K
9902,k
9903,L
9904,l
9905,M
9906,m
9907,N
9908,n
9909,O
9910,o
9911,P
9912,p
9913,Q
9914,q
9915,R
9916,r
9917,S
9918,s
9919,T
9920,t
9921,U
9922,u
9923,V
9924,v
9925,W
9926,w
9927,X
9928,x
9929,Y
9930,y
9931,Z
9932,z
9933,A
9934,a
9935,B
9936,b
9937,C
9938,c
9939,D
9940,d
9941,E
9942,e
9943,F
9944,f
9945,G
9946,g
9947,H
9948,h
9949,I
9950,i
9951,J
9952,j
9953,K
9954,k
9955,L
9956,l
9957,M
9958,m
9959,N
9960,n
9961,O
9962,o
9963,P
9964,p
9965,Q
9966,q
9967,R
9968,r
9969,S
9970,s
9971,T
9972,t
9973,U
9974,u
9975,V
9976,v
9977,W
9978,w
9979,X
9980,x
9981,Y
9982,y
9983,Z
9984,z
9985,A
9986,a
9987,B
9988,b
9989,C
9990,c
9991,D
9992,d
9993,E
9994,e
9995,F
9996,f
9997,G
9998,g
9999,H
10000,h
10001,I
10002,i
10003,J
10004,j
10005,K
10006,k
10007,L
10008,l
10009,M
10010,m
